,,,,,,,,,,,,,,,,,,,,,,,,,,,
Visitation By State and by Park for Year: 2018,,,,,,,,,,,,,,,,,,,,,,,,,,,
,,,,,,,,,,,,,,,,,,,,,,,,,,,
This report documents the number of recreation visitors and visitor days for all NPS units that reported public use data in 2018 and displays the percent change from the previous year.,,,,,,,,,,,,,,,,,,,,,,,,,,,
,,,,,,,,,,,,,,,,,,,,,,,,,,,
Bookmark this report: https://irma.nps.gov/Stats/SSRSReports/National%20Reports/Visitation%20By%20State%20and%20By%20Park%20(2017%20-%20Last%20Calendar%20Year),,,,,,,,,,,,,,,,,,,,,,,,,,,
,,,,,,,,,,,,,,,,,,,,,,,,,,,
State,Park,Recreation Visitors,Percent Change,Recreation Visitor Days,Percent Change,,,Non-recreation Visitors,Percent Change,Recreation Visitor Hours,Percent Change,Non-recreation Visitor Hours,Percent Change,"Concessioner
Lodging Overnights",Percent Change,"Concessioner
Camping Overnights",Percent Change,Tent Overnights,Percent Change,Recreation Vehicle Overnights,Percent Change,"Back Country
Overnights",Percent Change,Non-recreation Overnights,Percent Change,Misc. Overnights,Percent Change
Alabama,,,,,,,,,,,,,,,,,,,,,,,,,,,
,Horseshoe Bend NMP,"48,491",-34.70%,"9,422",-37.22%,,,"1,080,115",6.51%,"113,067",-37.22%,"360,003",6.51%,0,,0,,0,,0,,0,,0,,0,
,Little River Canyon NPRES,"441,177",20.19%,"105,578",31.35%,,,0,,"1,266,940",31.35%,0,,0,,0,,0,,0,,0,,0,,0,
,Natchez Trace PKWY,"445,372",0.58%,"149,455",0.54%,,,"628,087",2.46%,"1,793,468",0.54%,"628,087",2.46%,0,,0,,0,,0,,0,,0,,0,
,Russell Cave NM,"21,620",-11.31%,"2,999",-7.52%,,,0,,"35,991",-7.54%,0,,0,,0,,0,,0,,0,,0,,0,
,Tuskegee Airmen NHS,"26,829",-31.77%,"3,353",-31.78%,,,0,,"40,243",-31.77%,0,,0,,0,,0,,0,,0,,0,,0,
,Tuskegee Institute NHS,"37,486",83.69%,"6,121",94.01%,,,0,,"73,453",93.99%,0,,0,,0,,0,,0,,0,,0,,0,
,Subtotal Alabama,"1,020,975",5.45%,"276,928",8.45%,,,"1,708,202",4.98%,"3,323,162",8.45%,"988,090",3.90%,0,,0,,0,,0,,0,,0,,0,
Alaska,,,,,,,,,,,,,,,,,,,,,,,,,,,
,Aniakchak NM & PRES,100,0.00%,470,0.00%,,,0,,"5,640",0.00%,0,,0,,0,,0,,0,,235,0.00%,0,,0,
,Bering Land Bridge NPRES,"2,642",0.00%,660,0.00%,,,"1,128",0.00%,"7,926",0.00%,"9,024",0.00%,0,,0,,0,,0,,"1,123",0.00%,360,,0,0.00%
,Cape Krusenstern NM,"15,087",0.58%,"3,457",10.94%,,,"7,700",2.67%,"41,487",10.93%,"61,600",2.67%,0,,0,,0,,0,,"6,300",-1.18%,"4,250",,0,-23.08%
,Denali NP & PRES,"594,660",-7.49%,"545,547",-22.49%,,,"784,032",-1.17%,"6,546,571",-22.49%,"196,008",-1.17%,0,,"27,587",1.24%,0,,0,,"23,748",-27.79%,0,,0,
,Gates of the Arctic NP & PRES,"9,591",-14.19%,"15,479",17.76%,,,0,,"185,752",17.77%,0,,0,,0,,0,,0,,"7,561",18.98%,0,,0,
,Glacier Bay NP & PRES,"597,915",9.30%,"641,941",9.07%,,,644,69.03%,"7,703,301",9.07%,"95,060",-2.38%,"12,475",1.00%,0,,783,-13.10%,0,,"5,840",-2.44%,"3,845",33.17%,"17,668",-4.59%
,Katmai NP & PRES,"37,818",0.00%,"19,440",0.00%,,,0,,"233,289",0.00%,0,,"4,216",0.00%,0,,"2,098",0.00%,0,,483,0.00%,0,,0,
,Kenai Fjords NP,"321,596",5.93%,"92,001",14.16%,,,0,,"1,104,023",14.16%,0,,0,,0,,"1,080",-8.16%,0,,676,0.30%,0,,0,
,Klondike Gold Rush NHP Alaska,"1,017,298",12.22%,"348,196",12.74%,,,0,,"4,178,362",12.74%,0,,0,,0,,"1,315",-50.36%,0,,"5,508",-2.29%,0,,0,
,Kobuk Valley NP,"14,937",-3.63%,"4,507",6.27%,,,"7,750",0.00%,"54,087",6.26%,"62,000",0.00%,0,,0,,0,,0,,"7,050",0.00%,"5,350",,0,-24.65%
,Lake Clark NP & PRES,"14,479",-36.37%,"15,609",-8.12%,,,0,,"187,314",-8.12%,0,,0,,0,,0,,0,,"7,198",0.00%,0,,0,
,Noatak NPRES,"16,387",-3.61%,"19,490",8.79%,,,"8,450",-0.59%,"233,887",8.78%,"67,600",-0.59%,0,,0,,0,,0,,"5,600",1.82%,"4,750",,0,-15.93%
,Sitka NHP,"197,017",1.10%,"10,029",1.55%,,,0,,"120,357",1.56%,0,,0,,0,,0,,0,,0,,0,,0,
,Wrangell-St. Elias NP & PRES,"79,450",16.34%,"304,557",16.34%,,,0,,"3,654,688",16.34%,0,,0,,0,,0,,0,,0,,0,,0,
,Yukon-Charley Rivers NPRES,"1,272",33.61%,"7,438",69.12%,,,0,,"89,256",69.10%,0,,0,,0,,0,,0,,"3,613",70.42%,800,,0,171.19%
,Subtotal Alaska,"2,920,249",4.82%,"2,028,821",-0.25%,,,"809,704",,"24,345,940",-0.25%,"491,292",,"16,691",,"27,587",,"5,276",,0,,"74,935",-8.19%,"19,355",,"17,668",
American Samoa,,,,,,,,,,,,,,,,,,,,,,,,,,,
,National Park of American Samoa,"28,626",-58.79%,"4,771",-58.79%,,,0,,"57,252",-58.79%,0,,0,,0,,0,,0,,0,,0,,0,
,Subtotal American Samoa,"28,626",-58.79%,"4,771",-58.79%,,,0,,"57,252",-58.79%,0,,0,,0,,0,,0,,0,,0,,0,
Arizona,,,,,,,,,,,,,,,,,,,,,,,,,,,
,Canyon de Chelly NM,"439,306",-46.79%,"247,533",-44.10%,,,"634,575",-47.73%,"2,970,397",-44.10%,"1,269,151",-47.73%,"15,665",-18.48%,"12,190",21.20%,0,,0,,25,-96.47%,0,,0,
,Casa Grande Ruins NM,"62,995",-16.65%,"7,150",-16.66%,,,"2,160",0.00%,"85,803",-16.66%,216,0.00%,0,,0,,0,,0,,0,,0,,0,
,Chiricahua NM,"60,577",-4.05%,"27,286",-8.25%,,,"3,600",0.00%,"327,442",-8.24%,"1,200",0.00%,0,,0,,"5,793",-22.03%,"6,604",-3.28%,0,,0,25.69%,"1,546",
,Coronado NMEM,"103,218",-21.58%,"9,793",-16.27%,,,"2,508",0.00%,"117,521",-16.27%,"1,248",0.00%,0,,0,,0,,0,,0,,0,,0,
,Fort Bowie NHS,"8,401",-1.06%,"1,400",-1.06%,,,0,,"16,802",-1.06%,0,,0,,0,,0,,0,,0,,0,,0,
,Glen Canyon NRA,"865,713",-34.84%,"432,526",-23.08%,,,"27,600",-6.13%,"5,190,313",-23.08%,"331,184",-6.14%,"63,000",-1.58%,"79,007",-12.61%,"10,542",-14.72%,"4,769",-23.62%,0,,0,15.35%,"513,515",
,Grand Canyon NP,"6,380,495",2.02%,"8,375,563",1.92%,,,"23,748",-9.21%,"100,506,766",1.92%,"23,748",-9.21%,"663,982",1.54%,"38,829",20.82%,"139,004",-5.64%,"68,000",-4.04%,"337,790",8.09%,0,-3.65%,"27,947",
,Hubbell Trading Post NHS,"39,361",-14.06%,"1,694",-14.05%,,,"4,584",0.00%,"20,334",-14.07%,"1,056",0.00%,0,,0,,0,,0,,0,,0,,0,
,Lake Mead NRA,"1,894,740",-3.85%,"1,203,111",-4.12%,,,"51,923",0.12%,"14,437,334",-4.12%,"311,541",0.12%,"2,000",-2.34%,"15,484",-1.67%,"46,118",-2.78%,"58,696",-2.78%,"87,870",0.79%,0,5.10%,"18,564",
,Montezuma Castle NM,"390,151",-2.01%,"32,512",-2.02%,,,0,,"390,151",-2.01%,0,,0,,0,,0,,0,,0,,0,,0,
,Navajo NM,"61,195",-11.03%,"14,457",-6.04%,,,"8,515",-51.45%,"173,489",-6.05%,"2,131",-51.41%,0,,0,,"2,297",0.35%,"1,872",1.30%,352,53.04%,0,-50.81%,121,
,Organ Pipe Cactus NM,"260,375",-0.06%,"64,603",9.45%,,,"1,184,470",-0.72%,"775,240",9.45%,"592,233",-0.72%,0,,0,,"8,575",50.76%,"22,668",12.59%,185,112.64%,0,1077.39%,"1,354",
,Petrified Forest NP,"644,922",2.73%,"143,773",-0.44%,,,120,0.00%,"1,725,278",-0.44%,120,0.00%,0,,0,,0,,0,,"1,166",-16.77%,0,,0,
,Pipe Spring NM,"25,179",-13.37%,"3,147",-13.38%,,,404,0.00%,"37,770",-13.37%,900,0.00%,0,,0,,0,,0,,0,,0,,0,
,Saguaro NP,"957,405",-0.76%,"84,629",-0.81%,,,"2,089,346",-2.32%,"1,015,552",-0.81%,"522,336",-2.32%,0,,0,,0,,0,,"2,058",-12.01%,0,,0,
,Sunset Crater Volcano NM,"104,583",-12.45%,"10,894",-12.45%,,,"12,000",0.00%,"130,730",-12.45%,"3,996",0.00%,0,,0,,0,,0,,0,,0,,0,
,Tonto NM,"39,822",-2.63%,"5,915",-2.54%,,,0,,"70,983",-2.54%,0,,0,,0,,0,,0,,0,,0,,0,
,Tumacacori NHP,"40,810",-11.87%,"5,135",-12.46%,,,0,,"61,621",-12.46%,0,,0,,0,,0,,0,,0,,0,-50.78%,126,
,Tuzigoot NM,"98,090",-10.33%,"8,174",-10.32%,,,0,,"98,090",-10.33%,0,,0,,0,,0,,0,,0,,0,,0,
,Walnut Canyon NM,"167,736",1.58%,"18,171",1.58%,,,480,0.00%,"218,057",1.58%,240,0.00%,0,,0,,0,,0,,0,,0,,0,
,Wupatki NM,"205,122",-13.25%,"34,212",-13.20%,,,"6,531",0.00%,"410,549",-13.20%,"3,920",0.00%,0,,0,,0,,0,,17,240.00%,0,,0,
,Subtotal Arizona,"12,850,196",-6.68%,"10,731,678",-2.11%,,,"4,052,564",-13.84%,"128,780,222",-2.11%,"3,065,220",-28.16%,"744,647",0.74%,"145,510",-1.92%,"212,329",,"162,609",,"429,463",6.18%,0,,"563,173",
Arkansas,,,,,,,,,,,,,,,,,,,,,,,,,,,
,Arkansas Post NMEM,"30,126",-16.50%,"3,765",-17.00%,,,0,,"45,189",-17.00%,0,,0,,0,,0,,0,,0,,0,-100.00%,0,
,Buffalo NR,"1,240,119",-15.71%,"530,327",-35.01%,,,0,,"6,363,931",-35.01%,0,,"2,804",4.35%,0,,"41,542",-4.73%,"13,695",4.45%,"22,062",-33.94%,0,15.07%,"10,973",
,Fort Smith NHS,"136,568",-3.77%,"7,997",-24.32%,,,0,,"95,975",-24.31%,0,,0,,0,,0,,0,,0,,0,,0,
,Hot Springs NP,"1,506,887",-3.50%,"111,788",-4.29%,,,"2,306,072",-6.09%,"1,341,461",-4.29%,"461,216",-6.09%,0,,0,,"1,233",-15.95%,"22,712",0.75%,0,,0,,0,
,Little Rock Central High School NHS,"149,098",-12.51%,"12,424",-12.51%,,,0,,"149,098",-12.51%,0,,0,,0,,0,,0,,0,,0,,0,
,Pea Ridge NMP,"101,969",-15.84%,"16,994",-15.84%,,,0,,"203,938",-15.84%,0,,0,,0,,0,,0,,0,,0,,0,
,President W.J. Clinton Birthplace Home NHS,"10,845",6.56%,903,6.49%,,,0,,"10,845",6.56%,0,,0,,0,,0,,0,,0,,0,,0,
,Subtotal Arkansas,"3,175,612",-9.60%,"684,198",-30.41%,,,"2,306,072",,"8,210,437",-30.41%,"461,216",,"2,804",,0,,"42,775",,"36,407",,"22,062",,0,14.85%,"10,973",
California,,,,,,,,,,,,,,,,,,,,,,,,,,,
,Cabrillo NM,"842,104",-15.61%,"104,906",-15.60%,,,"81,792",0.00%,"1,258,877",-15.60%,"20,447",0.00%,0,,0,,0,,0,,0,,0,,0,
,Cesar E. Chavez NM,"12,769",-17.47%,532,-17.39%,,,0,,"6,387",-17.43%,0,,0,,0,,0,,0,,0,,0,,0,
,Channel Islands NP,"366,250",-4.54%,"310,422",-5.28%,,,"5,863",-48.79%,"3,725,066",-5.28%,"140,712",-48.79%,0,,0,,0,,0,,"21,463",-6.41%,"9,166",-33.82%,"18,543",-29.08%
,Death Valley NP,"1,678,660",29.64%,"979,441",22.28%,,,"66,206",34.29%,"11,753,292",22.28%,"99,305",34.29%,"33,211",-17.79%,"2,548",-74.79%,"78,970",-1.95%,"97,563",1.55%,"1,485",,0,-79.56%,459,
,Devils Postpile NM,"139,724",27.52%,"40,753",27.52%,,,0,,"489,039",27.52%,0,,0,,0,,0,,0,,0,,0,,0,
,Eugene O'Neill NHS,"3,432",-12.69%,526,-3.13%,,,137,57.47%,"6,323",-2.98%,274,57.47%,0,,0,,0,,0,,0,,0,,0,
,Fort Point NHS,"1,400,491",-8.62%,"66,896",-11.29%,,,0,,"802,758",-11.29%,0,,0,,0,,0,,0,,0,,0,,0,
,Golden Gate NRA,"15,223,697",1.61%,"3,348,107",61.59%,,,0,,"40,177,286",61.59%,0,,"42,009",81.68%,0,,"3,963",14.11%,0,,258,-69.10%,0,25.63%,"7,200",
,John Muir NHS,"46,957",0.17%,"5,869",0.17%,,,404,35.12%,"70,436",0.17%,101,34.67%,0,,0,,0,,0,,0,,0,,0,
,Joshua Tree NP,"2,942,382",3.11%,"1,471,271",-3.85%,,,"10,516",-1.61%,"17,655,261",-3.85%,"10,516",-1.61%,0,,0,,"222,228",-11.25%,"73,485",-5.95%,"19,437",-0.78%,0,6.93%,"77,206",
,Kings Canyon NP,"699,023",0.88%,"1,906,700",-0.90%,,,"28,923",2.11%,"22,880,404",-0.90%,"115,692",2.11%,"58,563",5.91%,0,,"114,921",-7.53%,"40,043",5.64%,"23,876",-6.90%,0,-10.00%,"2,341",
,Lassen Volcanic NP,"499,435",-1.54%,"448,879",-1.48%,,,0,,"5,386,551",-1.48%,0,,"3,519",-36.88%,0,,"59,733",5.22%,"28,038",-5.69%,"7,320",8.86%,0,-8.53%,"15,197",
,Lava Beds NM,"127,771",-5.55%,"38,324",-9.90%,,,771,0.00%,"459,894",-9.90%,381,0.00%,0,,0,,"8,838",-22.25%,"2,749",0.55%,30,-26.83%,0,-57.69%,88,
,Manzanar NHS,"104,081",-9.07%,"13,010",-9.07%,,,0,,"156,122",-9.07%,0,,0,,0,,0,,0,,0,,0,,0,
,Mojave NPRES,"787,404",9.88%,"395,120",9.86%,,,0,,"4,741,440",9.86%,0,,0,,0,,709,15.10%,694,-6.34%,0,,0,,15,
,Muir Woods NM,"957,932",-9.81%,"106,410",-9.81%,,,0,,"1,276,921",-9.81%,0,,0,,0,,0,,0,,0,,0,,0,
,Pinnacles NP,"222,152",-4.79%,"66,257",-4.92%,,,0,,"795,090",-4.92%,0,,0,,0,,0,,0,,0,,0,,0,
,Point Reyes NS,"2,397,722",-2.40%,"1,031,407",-1.10%,,,"25,788",0.00%,"12,376,888",-1.10%,"25,788",0.00%,"10,694",-3.25%,"2,749",-9.15%,0,,0,,"45,968",10.90%,0,,0,
,Port Chicago Naval Magazine NMEM,653,-39.87%,108,-40.33%,,,0,,"1,306",-39.87%,0,,0,,0,,0,,0,,0,,0,,0,
,Redwood NP,"482,536",8.44%,"156,890",8.70%,,,0,,"1,882,690",8.70%,0,,0,,0,,"3,711",10.35%,0,,"4,035",-15.39%,0,69.64%,"3,783",
,Rosie The Riveter WWII Home Front NHP,"57,852",-5.05%,"14,463",-5.04%,,,0,,"173,556",-5.05%,0,,0,,0,,0,,0,,0,,0,,0,
,San Francisco Maritime NHP,"4,223,542",-6.01%,"331,645",-5.64%,,,0,,"3,979,740",-5.64%,0,,0,,0,,0,,0,,0,,0,-38.70%,179,
,Santa Monica Mountains NRA,"867,154",-3.39%,"130,129",-7.18%,,,"137,842",47.21%,"1,561,551",-7.18%,"69,461",46.67%,0,,0,,0,,0,,144,0.00%,0,,0,
,Sequoia NP,"1,229,594",-4.78%,"3,202,420",-8.25%,,,"17,480",29.01%,"38,429,051",-8.25%,"69,920",29.01%,"74,091",10.33%,0,,"142,945",2.18%,"78,543",37.93%,"37,881",3.33%,0,-10.62%,261,
,Whiskeytown NRA,"585,768",-29.60%,"185,974",-34.87%,,,"6,006",-6.13%,"2,231,698",-34.87%,"11,341",-1.74%,0,,"12,428",-42.87%,0,,"1,424",-34.92%,"3,907",-16.32%,0,-28.35%,"19,031",
,Yosemite NP,"4,009,436",-7.55%,"4,960,791",-16.47%,,,"151,651",-7.33%,"59,529,503",-16.47%,"3,837,229",-10.39%,"654,272",-20.86%,0,,"354,819",-22.27%,"259,748",-11.60%,"124,577",-25.63%,0,-36.30%,"16,667",
,Subtotal California,"39,908,521",-1.45%,"19,317,250",-0.23%,,,"533,379",9.81%,"231,807,130",-0.23%,"4,401,167",-10.45%,"876,359",,"17,725",,"990,837",,"582,287",,"290,381",,"9,166",,"160,970",
Colorado,,,,,,,,,,,,,,,,,,,,,,,,,,,
,Bent's Old Fort NHS,"23,562",-10.74%,"3,436",-10.73%,,,0,,"41,233",-10.74%,0,,0,,0,,0,,0,,0,,0,,0,
,Black Canyon of the Gunnison NP,"308,962",0.59%,"153,976",5.79%,,,0,,"1,847,721",5.79%,0,,0,,0,,"19,527",3.89%,"12,531",2.24%,"2,088",22.25%,0,,0,
,Colorado NM,"375,467",0.12%,"104,322",-3.18%,,,"347,277",-0.95%,"1,251,875",-3.18%,"173,638",-0.95%,0,,0,,"14,622",-9.71%,"14,999",-8.23%,367,-9.83%,0,,0,
,Curecanti NRA,"931,512",-10.56%,"361,262",-7.70%,,,0,,"4,335,148",-7.70%,0,,0,,0,,"20,752",-4.03%,"46,040",-2.70%,614,-36.17%,0,198.46%,"4,277",
,Dinosaur NM,"225,305",-3.61%,"107,645",0.44%,,,540,0.00%,"1,291,741",0.44%,540,0.00%,0,,0,,"5,528",-1.81%,"2,139",82.04%,"22,763",-2.95%,0,36.09%,"4,027",
,Florissant Fossil Beds NM,"79,568",10.88%,"8,112",10.25%,,,0,,"97,353",10.25%,0,,0,,0,,0,,0,,0,,0,,0,
,Great Sand Dunes NP & PRES,"442,905",-9.04%,"207,213",7.72%,,,470,0.00%,"2,486,557",7.72%,470,0.00%,0,,0,,"29,832",11.39%,"19,665",31.35%,"4,475",3.76%,0,35.94%,"7,644",
,Hovenweep NM,"17,855",1.52%,"5,082",-5.27%,,,132,0.00%,"60,986",-5.28%,24,0.00%,0,,0,,0,,0,,0,,0,,0,
,Mesa Verde NP,"563,420",-8.21%,"331,273",-0.62%,,,"10,225",13.46%,"3,975,281",-0.62%,"10,225",13.46%,"21,658",-0.75%,0,,"33,434",11.90%,"24,462",45.54%,0,,0,58.06%,441,
,Rocky Mountain NP,"4,590,493",3.45%,"2,614,992",3.00%,,,"8,750",0.00%,"31,379,912",3.00%,"26,250",0.00%,0,,0,,"117,924",-5.04%,"71,016",23.23%,"46,840",3.64%,0,-69.21%,"4,030",
,Sand Creek Massacre NHS,"6,006",-8.09%,"1,001",-8.08%,,,0,,"12,012",-8.09%,0,,0,,0,,0,,0,,0,,0,,0,
,Subtotal Colorado,"7,565,055",-0.69%,"3,898,314",1.68%,,,"367,394",,"46,779,819",1.68%,"211,147",,"21,658",,0,,"241,619",,"190,852",,"77,147",,0,,"20,419",
Connecticut,,,,,,,,,,,,,,,,,,,,,,,,,,,
,Weir Farm NHS,"35,382",-7.12%,"5,492",-6.74%,,,0,,"65,912",-6.73%,0,,0,,0,,0,,0,,0,,0,,0,
,Subtotal Connecticut,"35,382",-7.12%,"5,492",-6.74%,,,0,,"65,912",-6.73%,0,,0,,0,,0,,0,,0,,0,,0,
District of Columbia,,,,,,,,,,,,,,,,,,,,,,,,,,,
,Belmont-Paul Women's Equality NM,"9,081",-16.63%,753,-13.45%,,,0,-100.00%,"9,043",-13.43%,0,-100.00%,0,,0,,0,,0,,0,,0,,0,
,Carter G. Woodson Home NHS,"1,954",3.72%,84,-16.00%,,,0,,"1,012",-15.74%,0,,0,,0,,0,,0,,0,,0,,0,
,Chesapeake & Ohio Canal NHP,"1,065,318",-8.66%,"187,335",-8.93%,,,"2,856",0.00%,"2,248,020",-8.93%,"2,856",0.00%,0,,0,,0,,0,,0,,0,,0,
,Ford's Theatre NHS,"533,410",-28.33%,"56,648",-41.25%,,,"3,456",-45.93%,"679,783",-41.25%,"10,368",-45.93%,0,,0,,0,,0,,0,,0,,0,
,Franklin Delano Roosevelt MEM,"3,288,299",-6.25%,"137,012",-6.25%,,,0,,"1,644,149",-6.25%,0,,0,,0,,0,,0,,0,,0,,0,
,Frederick Douglass NHS,"70,869",-7.44%,"5,905",-7.45%,,,0,,"70,869",-7.44%,0,,0,,0,,0,,0,,0,,0,,0,
,Korean War Veterans Memorial,"4,107,520",-1.17%,"171,146",-1.17%,,,0,,"2,053,760",-1.17%,0,,0,,0,,0,,0,,0,,0,,0,
,Lincoln Memorial,"7,804,683",-1.90%,"325,195",-1.90%,,,0,,"3,902,341",-1.90%,0,,0,,0,,0,,0,,0,,0,,0,
,"Martin Luther King, Jr. Memorial","3,567,434",-2.29%,"148,643",-2.29%,,,0,,"1,783,718",-2.29%,0,,0,,0,,0,,0,,0,,0,,0,
,Mary McLeod Bethune Council House NHS,109,-60.65%,18,-60.87%,,,0,,218,-60.65%,0,,0,,0,,0,,0,,0,,0,,0,
,National Capital Parks Central,"1,800,329",-6.85%,"97,477",-8.17%,,,0,,"1,169,730",-8.17%,0,,0,,0,,0,,0,,0,,0,,0,
,National Capital Parks East,"1,302,545",5.94%,"188,999",6.88%,,,"6,445,950",-0.91%,"2,267,994",6.88%,"2,501,886",-0.59%,0,,0,,0,,0,,0,,0,,0,
,Pennsylvania Avenue NHS,"119,616",10.03%,"3,289",10.04%,,,0,,"39,474",10.03%,0,,0,,0,,0,,0,,0,,0,,0,
,President's Park,"1,035,737",-29.92%,"126,458",-37.01%,,,0,,"1,517,507",-37.01%,0,,0,,0,,0,,0,,0,,0,,0,
,Rock Creek Park,"2,395,342",-3.56%,"229,380",-5.93%,,,"12,386,843",0.01%,"2,752,568",-5.93%,"6,193,419",0.01%,0,,0,,0,,0,,0,,0,,0,
,Thomas Jefferson MEM,"3,198,859",-4.98%,"133,285",-4.98%,,,0,,"1,599,429",-4.98%,0,,0,,0,,0,,0,,0,,0,,0,
,Vietnam Veterans MEM,"4,719,148",-6.97%,"196,631",-6.97%,,,0,,"2,359,572",-6.97%,0,,0,,0,,0,,0,,0,,0,,0,
,Washington Monument,0,,0,,,,0,,0,,0,,0,,0,,0,,0,,0,,0,,0,
,White House,"485,974",10.52%,"31,705",7.42%,,,0,,"380,465",7.42%,0,,0,,0,,0,,0,,0,,0,,0,
,World War II Memorial,"4,652,865",-4.59%,"193,869",-4.59%,,,0,,"2,326,431",-4.59%,0,,0,,0,,0,,0,,0,,0,,0,
,Subtotal District of Columbia,"40,159,092",-4.97%,"2,233,832",-7.97%,,,"18,839,105",-0.33%,"26,806,083",-7.97%,"8,708,529",-0.28%,0,,0,,0,,0,,0,,0,,0,
Florida,,,,,,,,,,,,,,,,,,,,,,,,,,,
,Big Cypress NPRES,"794,350",-13.93%,"203,818",-21.26%,,,0,,"2,445,823",-21.26%,0,,0,,0,,"1,686",-20.77%,"5,772",-34.51%,"3,196",26.22%,0,,0,
,Biscayne NP,"469,253",4.99%,"131,127",2.87%,,,0,,"1,573,531",2.87%,0,,0,,0,,"2,119",-13.58%,0,,0,,0,-11.56%,"4,788",
,Canaveral NS,"1,657,855",3.71%,"350,530",3.84%,,,0,,"4,206,368",3.84%,0,,0,,0,,0,,0,,"2,965",20.28%,0,,0,
,Castillo de San Marcos NM,"748,058",-14.70%,"46,753",-14.70%,,,0,,"561,043",-14.70%,0,,0,,0,,0,,0,,0,,0,,0,
,De Soto NMEM,"210,993",-9.58%,"29,011",-9.58%,,,0,,"348,139",-9.58%,0,,0,,0,,0,,0,,0,,0,,0,
,Dry Tortugas NP,"56,810",4.66%,"59,645",5.82%,,,"4,455",201.83%,"715,743",5.82%,"53,460",201.83%,0,,0,,"4,930",-7.71%,0,,0,,"4,455",29.22%,"7,138",201.83%
,Everglades NP,"597,124",-41.38%,"212,917",-31.30%,,,"6,000",-11.32%,"2,555,012",-31.30%,"27,000",-11.33%,0,,"8,440",,0,-100.00%,0,-100.00%,"4,391",-74.75%,0,-99.55%,18,
,Fort Caroline NMEM,"203,276",-16.68%,"16,939",-16.68%,,,0,,"203,276",-16.68%,0,,0,,0,,0,,0,,0,,0,,0,
,Fort Matanzas NM,"608,103",5.03%,"51,550",5.26%,,,0,,"618,610",5.27%,0,,0,,0,,0,,0,,0,,0,,0,
,Gulf Islands NS,"3,166,048",1.98%,"772,298",-0.10%,,,"10,280",-9.09%,"9,267,580",-0.10%,"5,140",-9.09%,0,,0,,"33,109",-16.60%,"95,096",-8.05%,0,,0,-8.70%,"4,772",
,Timucuan EHP,"1,134,857",-6.85%,"248,030",-3.00%,,,0,,"2,976,367",-3.00%,0,,0,,0,,0,,0,,0,,0,,0,
,Subtotal Florida,"9,646,727",-6.32%,"2,122,618",-6.70%,,,"20,735",,"25,471,492",-6.70%,"85,600",,0,,"8,440",,"41,844",-23.72%,"100,868",-16.20%,"10,552",-52.87%,"4,455",,"16,716",
Georgia,,,,,,,,,,,,,,,,,,,,,,,,,,,
,Andersonville NHS,"138,164",4.55%,"23,027",4.55%,,,0,,"276,330",4.55%,0,,0,,0,,0,,0,,0,,0,,0,
,Chattahoochee River NRA,"2,873,866",3.81%,"957,955",3.81%,,,0,,"11,495,461",3.81%,0,,0,,0,,0,,0,,0,,0,,0,
,Chickamauga & Chattanooga NMP,"472,981",-4.88%,"77,133",-5.07%,,,"2,101,523",-11.68%,"925,597",-5.07%,"315,227",-11.68%,0,,0,,0,,0,,0,,0,-22.38%,"1,932",
,Cumberland Island NS,"55,650",7.15%,"79,265",30.82%,,,0,,"951,180",30.81%,0,,0,,0,,"22,644",78.81%,0,,"4,550",-27.23%,0,,0,
,Fort Frederica NM,"183,591",-2.39%,"15,440",-2.40%,,,"1,800",0.00%,"185,290",-2.39%,444,0.00%,0,,0,,0,,0,,0,,0,,0,
,Fort Pulaski NM,"419,930",16.46%,"87,485",16.46%,,,"19,476",0.00%,"1,049,829",16.46%,"4,872",0.00%,0,,0,,0,,0,,0,,0,,0,
,Jimmy Carter NHS,"51,680",-14.91%,"5,229",-10.75%,,,0,,"62,754",-10.76%,0,,0,,0,,0,,0,,0,,0,,0,
,Kennesaw Mountain NBP,"2,549,164",-1.72%,"326,425",-1.98%,,,"25,283,363",0.19%,"3,917,107",-1.98%,"4,045,337",0.19%,0,,0,,0,,0,,0,,0,,0,
,"Martin Luther King, Jr. NHP","641,801",9.82%,"81,791",6.97%,,,0,,"981,500",6.97%,0,,0,,0,,0,,0,,0,,0,,0,
,Ocmulgee Mounds NHP,"133,008",-15.23%,"16,626",-15.23%,,,0,,"199,513",-15.23%,0,,0,,0,,0,,0,,0,,0,,0,
,Subtotal Georgia,"7,519,835",1.70%,"1,670,376",3.58%,,,"27,406,162",,"20,044,561",3.58%,"4,365,880",,0,,0,,"22,644",,0,,"4,550",,0,,"1,932",
Guam,,,,,,,,,,,,,,,,,,,,,,,,,,,
,War in the Pacific NHP,"387,856",0.84%,"32,600",1.15%,,,"1,020",295.35%,"391,208",1.15%,509,291.54%,0,,0,,0,,0,,0,,0,,0,
,Subtotal Guam,"387,856",0.84%,"32,600",1.15%,,,"1,020",295.35%,"391,208",1.15%,509,291.54%,0,,0,,0,,0,,0,,0,,0,
Hawaii,,,,,,,,,,,,,,,,,,,,,,,,,,,
,Haleakala NP,"1,044,084",-6.14%,"211,218",-6.74%,,,"29,088",0.00%,"2,534,627",-6.74%,"20,160",0.00%,0,,0,,"7,201",0.14%,0,,"2,876",-0.03%,0,-11.78%,"4,270",
,Hawaii Volcanoes NP,"1,116,891",-44.62%,"554,201",-46.98%,,,"1,847,328",-0.48%,"6,650,420",-46.98%,"609,620",-0.48%,"14,382",-58.52%,"2,113",-72.93%,492,-67.97%,6,-88.68%,"2,145",-54.89%,0,-54.63%,"40,594",
,Kalaupapa NHP,"72,146",-5.71%,"15,697",-15.64%,,,0,,"188,368",-15.64%,0,,0,,0,,0,,0,,0,,0,,0,
,Kaloko Honokohau NHP,"218,015",10.75%,"40,525",9.01%,,,0,,"486,311",9.01%,0,,0,,0,,0,,0,,0,,0,,0,
,Pearl Harbor NMEM,"1,779,143",-8.64%,"444,785",-8.64%,,,0,,"5,337,429",-8.64%,0,,0,,0,,0,,0,,0,,0,,0,
,Pu'uhonua o Honaunau NHP,"462,974",-8.46%,"38,581",-8.45%,,,0,,"462,974",-8.46%,0,,0,,0,,0,,0,,0,,0,,0,
,Pu'ukohola Heiau NHS,"145,585",-1.14%,"6,066",-1.12%,,,"140,260",5.22%,"72,794",-1.14%,"23,367",5.21%,0,,0,,0,,0,,0,,0,,0,
,Subtotal Hawaii,"4,838,838",-19.39%,"1,311,073",-29.62%,,,"2,016,676",-0.10%,"15,732,923",-29.62%,"653,147",-0.27%,"14,382",,"2,113",,"7,693",-11.85%,6,,"5,021",-34.21%,0,-52.43%,"44,864",
Idaho,,,,,,,,,,,,,,,,,,,,,,,,,,,
,City of Rocks NRES,"142,250",9.19%,"41,490",9.19%,,,0,,"497,880",9.19%,0,,0,,0,,0,,0,,0,,0,,0,
,Craters of the Moon NM & PRES,"263,506",-7.62%,"65,210",-6.10%,,,0,,"782,523",-6.10%,0,,0,,0,,"4,998",-40.60%,"11,855",39.31%,354,2.02%,0,-25.96%,793,
,Hagerman Fossil Beds NM,"26,477",-14.93%,"3,309",-14.94%,,,0,,"39,711",-14.93%,0,,0,,0,,0,,0,,0,,0,,0,
,Minidoka NHS,"5,666",-42.90%,618,-32.01%,,,0,,"7,424",-32.00%,0,,0,,0,,0,,0,,0,,0,,0,
,Nez Perce NHP,"307,645",29.03%,"16,988",-9.13%,,,"1,800",0.00%,"203,861",-9.13%,180,0.00%,0,,0,,0,,0,,0,,0,,0,
,Subtotal Idaho,"745,544",7.28%,"127,615",-2.54%,,,"1,800",,"1,531,399",-2.54%,180,,0,,0,,"4,998",,"11,855",,354,,0,,793,
Illinois,,,,,,,,,,,,,,,,,,,,,,,,,,,
,Lincoln Home NHS,"197,717",-14.87%,"14,597",-14.90%,,,"4,815",-25.72%,"175,171",-14.90%,"43,581",-18.76%,0,,0,,0,,0,,0,,0,,0,
,Subtotal Illinois,"197,717",-14.87%,"14,597",-14.90%,,,"4,815",-25.72%,"175,171",-14.90%,"43,581",-18.76%,0,,0,,0,,0,,0,,0,,0,
Indiana,,,,,,,,,,,,,,,,,,,,,,,,,,,
,George Rogers Clark NHP,"121,187",3.34%,"13,532",3.35%,,,0,,"162,392",3.34%,0,,0,,0,,0,,0,,0,,0,,0,
,Indiana Dunes NP,"1,756,079",-18.64%,"391,692",-18.91%,,,"5,701",8.53%,"4,700,315",-18.91%,"2,851",8.53%,0,,0,,"13,308",-33.73%,"4,598",-5.88%,0,,0,,0,
,Lincoln Boyhood NMEM,"133,850",-6.82%,"12,548",-6.82%,,,"16,200",0.00%,"150,580",-6.82%,"2,700",0.00%,0,,0,,0,,0,,0,,0,,0,
,Subtotal Indiana,"2,011,116",-16.88%,"417,772",-18.02%,,,"21,901",,"5,013,287",-18.02%,"5,551",,0,,0,,"13,308",,"4,598",,0,,0,,0,
Iowa,,,,,,,,,,,,,,,,,,,,,,,,,,,
,Effigy Mounds NM,"55,576",-17.06%,"11,578",-17.06%,,,"1,200",0.00%,"138,939",-17.06%,204,0.00%,0,,0,,0,,0,,0,,0,,0,
,Herbert Hoover NHS,"138,087",-4.52%,"11,507",-4.51%,,,"18,000",0.00%,"138,087",-4.52%,"1,200",0.00%,0,,0,,0,,0,,0,,0,,0,
,Subtotal Iowa,"193,663",-8.49%,"23,085",-11.25%,,,"19,200",0.00%,"277,026",-11.25%,"1,404",0.00%,0,,0,,0,,0,,0,,0,,0,
Kansas,,,,,,,,,,,,,,,,,,,,,,,,,,,
,Brown v. Board of Education NHS,"24,083",-4.45%,"4,013",-4.45%,,,0,,"48,166",-4.45%,0,,0,,0,,0,,0,,0,,0,,0,
,Fort Larned NHS,"29,173",-0.05%,"4,862",-0.04%,,,0,,"58,346",-0.05%,0,,0,,0,,0,,0,,0,,0,,0,
,Fort Scott NHS,"26,482",-8.52%,"3,310",-8.51%,,,221,-33.83%,"39,722",-8.52%,73,-33.64%,0,,0,,0,,0,,0,,0,,0,
,Nicodemus NHS,"2,738",-6.10%,228,-6.17%,,,0,,"2,738",-6.10%,0,,0,,0,,0,,0,,0,,0,,0,
,Tallgrass Prairie NPRES,"27,715",-9.94%,"4,619",-9.93%,,,0,,"55,430",-9.94%,0,,0,,0,,0,,0,,0,,0,,0,
,Subtotal Kansas,"110,191",-5.84%,"17,032",-5.66%,,,221,,"204,402",-5.66%,73,,0,,0,,0,,0,,0,,0,,0,
Kentucky,,,,,,,,,,,,,,,,,,,,,,,,,,,
,Abraham Lincoln Birthplace NHP,"260,964",-3.20%,"21,747",-3.20%,,,0,,"260,964",-3.20%,0,,0,,0,,0,,0,,0,,0,,0,
,Big South Fork NRRA,"311,971",-0.04%,"185,221",-2.14%,,,0,,"2,222,659",-2.14%,0,,"1,813",-5.47%,0,,607,-18.30%,"10,476",20.36%,"3,786",-20.70%,0,,0,
,Cumberland Gap NHP,"636,298",-7.23%,"102,257",-11.46%,,,"7,607,843",4.68%,"1,227,091",-11.46%,"5,411,721",4.68%,0,,0,,"2,343",-37.17%,"9,242",4.12%,714,-41.04%,0,,149,
,Mammoth Cave NP,"533,206",-9.30%,"342,291",17.45%,,,"142,923",5.08%,"4,107,496",17.45%,"71,462",5.08%,"13,947",29.25%,0,,"38,784",-9.24%,"13,264",-17.10%,"7,861",109.46%,0,-89.38%,445,
,Subtotal Kentucky,"1,742,439",-6.09%,"651,516",5.31%,,,"7,750,766",,"7,818,210",5.31%,"5,483,183",,"15,760",,0,,"41,734",,"32,982",,"12,361",,0,,594,
Louisiana,,,,,,,,,,,,,,,,,,,,,,,,,,,
,Cane River Creole NHP,"26,879",-10.75%,"4,479",-10.76%,,,0,,"53,758",-10.75%,0,,0,,0,,0,,0,,0,,0,,0,
,Jean Lafitte NHP & PRES,"529,878",16.03%,"99,070",35.25%,,,"192,000",0.00%,"1,188,851",35.26%,"91,320",0.00%,0,,0,,0,,0,,0,,0,,0,
,New Orleans Jazz NHP,"54,483",33.49%,"9,571",27.49%,,,0,,"114,856",27.48%,0,,0,,0,,0,,0,,0,,0,,0,
,Subtotal Louisiana,"611,240",15.85%,"113,120",31.88%,,,"192,000",,"1,357,465",31.88%,"91,320",,0,,0,,0,,0,,0,,0,,0,
Maine,,,,,,,,,,,,,,,,,,,,,,,,,,,
,Acadia NP,"3,537,575",0.81%,"1,967,812",-1.67%,,,"47,100",0.00%,"23,613,754",-1.67%,"47,100",0.00%,0,,"1,364",-17.68%,"144,744",-5.14%,"58,215",4.31%,"1,472",-7.83%,0,7.43%,"11,698",
,Saint Croix Island IHS,"12,001",1.09%,"1,250",1.13%,,,0,,"15,001",1.09%,0,,0,,0,,0,,0,,0,,0,,0,
,Subtotal Maine,"3,549,576",0.81%,"1,969,062",-1.67%,,,"47,100",0.00%,"23,628,755",-1.67%,"47,100",0.00%,0,,"1,364",-17.68%,"144,744",-5.14%,"58,215",4.31%,"1,472",-7.83%,0,7.43%,"11,698",
Maryland,,,,,,,,,,,,,,,,,,,,,,,,,,,
,Antietam NB,"326,197",-11.00%,"61,732",-3.03%,,,0,,"740,791",-3.03%,0,,0,,0,,0,,0,,0,,0,12.89%,403,
,Assateague Island NS,"705,172",-8.96%,"498,593",-9.21%,,,"1,188",0.00%,"5,983,118",-9.21%,"1,188",0.00%,0,,0,,"37,600",-10.35%,"21,562",-5.56%,513,-5.00%,0,-24.99%,"3,667",
,Catoctin Mountain Park,"299,860",26.93%,"106,643",12.34%,,,"192,326",1.78%,"1,279,719",12.34%,"22,691",1.20%,0,,0,,"3,863",8.57%,591,154.74%,642,8.08%,0,-7.10%,"20,388",
,Chesapeake & Ohio Canal NHP,"3,373,504",-8.66%,"593,227",-8.93%,,,"9,024",0.00%,"7,118,734",-8.93%,"9,024",0.00%,0,,0,,"22,407",-5.33%,545,2.64%,0,,0,-39.01%,"2,986",
,Clara Barton NHS,425,,35,,,,0,,425,,0,,0,,0,,0,,0,,0,,0,,0,
,Fort McHenry NM & HS,"486,113",-17.87%,"60,764",-17.87%,,,720,0.00%,"729,168",-17.87%,360,0.00%,0,,0,,0,,0,,0,,0,,0,
,Fort Washington Park,"316,052",-0.45%,"102,254",0.82%,,,0,,"1,227,051",0.82%,0,,0,,0,,0,,0,,0,,0,,0,
,Greenbelt Park,"85,260",-39.90%,"58,921",4.19%,,,0,,"707,054",4.19%,0,,0,,0,,"10,518",1.81%,"14,567",72.02%,0,,0,156.51%,"1,380",
,Hampton NHS,"29,615",-8.39%,"3,702",-8.37%,,,600,0.00%,"44,424",-8.39%,600,0.00%,0,,0,,0,,0,,0,,0,,0,
,Monocacy NB,"84,901",-25.41%,"10,612",-25.41%,,,0,,"127,351",-25.41%,0,,0,,0,,0,,0,,0,,0,,0,
,National Capital Parks East,"144,726",5.94%,"21,000",6.89%,,,"26,199,300",0.75%,"252,001",6.88%,"18,759,077",0.79%,0,,0,,0,,0,,0,,0,,0,
,Piscataway Park,"146,364",-4.97%,"21,680",-8.65%,,,0,,"260,170",-8.65%,0,,0,,0,,0,,0,,0,,0,,0,
,Thomas Stone NHS,"8,254",-19.47%,343,-19.67%,,,0,,"4,127",-19.49%,0,,0,,0,,0,,0,,0,,0,,0,
,Subtotal Maryland,"6,006,443",-8.56%,"1,539,506",-6.88%,,,"26,403,158",,"18,474,133",-6.88%,"18,792,940",,0,,0,,"74,388",,"37,265",,"1,155",,0,-11.65%,"28,824",
Massachusetts,,,,,,,,,,,,,,,,,,,,,,,,,,,
,Adams NHP,"121,007",-52.65%,"10,040",-52.65%,,,495,-52.22%,"120,485",-52.65%,248,-52.03%,0,,0,,0,,0,,0,,0,,0,
,Boston African American NHS,"410,893",-0.55%,"68,482",-0.55%,,,0,,"821,786",-0.55%,0,,0,,0,,0,,0,,0,,0,,0,
,Boston NHP,"3,053,241",-10.87%,"224,692",2.86%,,,"62,280",-3.62%,"2,696,308",2.86%,"10,589",-3.62%,0,,0,,0,,0,,0,,0,,0,
,Cape Cod NS,"3,926,462",-4.82%,"638,883",-7.25%,,,"29,548",0.00%,"7,666,603",-7.25%,"177,288",0.00%,"3,559",0.76%,0,,0,,0,,0,,0,-39.61%,"6,879",
,Frederick Law Olmsted NHS,"9,854",-13.47%,"1,642",-13.49%,,,536,13300.00%,"19,708",-13.47%,"2,121",42320.00%,0,,0,,0,,0,,0,,0,,0,
,John F. Kennedy NHS,"24,077",-20.80%,"1,003",-20.77%,,,0,,"12,037",-20.80%,0,,0,,0,,0,,0,,0,,0,,0,
,Longfellow House Washington's HQ NHS,"60,527",17.29%,"7,565",17.29%,,,0,,"90,791",17.28%,0,,0,,0,,0,,0,,0,,0,,0,
,Lowell NHP,"507,276",-9.82%,"63,975",-9.41%,,,"2,235",-9.33%,"767,709",-9.41%,"3,355",-9.28%,0,,0,,0,,0,,0,,0,,0,
,Minute Man NHP,"1,014,803",-0.89%,"126,850",-0.89%,,,0,,"1,522,203",-0.89%,0,,0,,0,,0,,0,,0,,0,,0,
,New Bedford Whaling NHP,"186,937",12.01%,"8,134",10.88%,,,0,,"97,614",10.87%,0,,0,,0,,0,,0,,0,,0,,0,
,Salem Maritime NHS,"300,475",-19.58%,"15,212",-27.34%,,,0,,"182,549",-27.34%,0,,0,,0,,0,,0,,0,,0,,0,
,Saugus Iron Works NHS,"10,660",-13.02%,"1,332",-13.00%,,,"45,625",0.00%,"15,990",-13.02%,"4,566",0.00%,0,,0,,0,,0,,0,,0,,0,
,Springfield Armory NHS,"20,104",-19.93%,"3,350",-19.93%,,,0,,"40,210",-19.93%,0,,0,,0,,0,,0,,0,,0,,0,
,Subtotal Massachusetts,"9,646,316",-7.93%,"1,171,160",-5.52%,,,"140,719",-1.80%,"14,053,993",-5.52%,"198,167",0.56%,"3,559",,0,,0,,0,,0,,0,,"6,879",
Michigan,,,,,,,,,,,,,,,,,,,,,,,,,,,
,Isle Royale NP,"25,798",-8.50%,"104,582",1.25%,,,158,18.80%,"1,254,990",1.25%,"28,492",175.34%,"9,562",-15.92%,218,17.84%,"5,173",34.36%,0,,"24,758",14.13%,"1,180",-10.89%,"11,173",178.96%
,Keweenaw NHP,"20,416",23.89%,"3,238",11.58%,,,"1,066",-30.91%,"38,865",11.57%,"1,066",-30.91%,0,,0,,0,,0,,0,,0,,0,
,Pictured Rocks NL,"815,308",4.37%,"343,368",3.15%,,,"1,850",0.00%,"4,120,417",3.15%,554,0.00%,0,,0,,"15,234",-8.61%,"5,576",-10.31%,"26,923",5.88%,0,,0,
,River Raisin NBP,"240,548",0.73%,"40,091",0.73%,,,"8,229",-31.29%,"481,098",0.73%,822,-31.39%,0,,0,,0,,0,,0,,0,,0,
,Sleeping Bear Dunes NL,"1,643,600",-2.06%,"727,215",-3.31%,,,0,,"8,726,587",-3.31%,0,,0,,0,,"57,659",-2.91%,"51,939",-7.62%,"19,612",-21.66%,0,,0,
,Subtotal Michigan,"2,745,670",0.10%,"1,218,494",-1.02%,,,"11,303",-27.09%,"14,621,957",-1.02%,"30,934",126.74%,"9,562",-15.92%,218,17.84%,"78,066",-2.30%,"57,515",,"71,293",-1.19%,"1,180",-10.89%,"11,173",178.96%
Minnesota,,,,,,,,,,,,,,,,,,,,,,,,,,,
,Grand Portage NM,"94,137",-1.99%,"17,016",-2.40%,,,0,,"204,193",-2.41%,0,,0,,0,,0,,0,,54,1.89%,0,,0,
,Mississippi NRRA,"417,022",-4.51%,"61,984",2.08%,,,0,,"743,816",2.08%,0,,0,,0,,0,,0,,0,,0,,0,
,Pipestone NM,"73,267",-4.21%,"15,263",-4.21%,,,0,,"183,163",-4.21%,0,,0,,0,,0,,0,,0,,0,,0,
,Saint Croix NSR,"362,324",-6.19%,"281,551",-2.78%,,,0,,"3,378,614",-2.78%,0,,0,,0,,0,,0,,"40,657",-0.52%,0,,0,
,Voyageurs NP,"239,656",1.01%,"99,371",-4.12%,,,0,,"1,192,456",-4.12%,0,,"3,728",-2.46%,0,,0,,0,,"59,499",11.13%,0,-7.21%,"25,314",
,Subtotal Minnesota,"1,186,406",-3.76%,"475,185",-2.49%,,,0,,"5,702,242",-2.49%,0,,"3,728",,0,,0,,0,,"100,210",6.09%,0,,"25,314",
Mississippi,,,,,,,,,,,,,,,,,,,,,,,,,,,
,Gulf Islands NS,"1,063,923",25.41%,"316,110",30.84%,,,"96,761",26.86%,"3,793,321",30.84%,"15,481",26.85%,0,,0,,"3,704",103.29%,"24,391",99.81%,0,-100.00%,0,-100.00%,0,
,Natchez NHP,"234,786",0.62%,"42,363",6.84%,,,0,,"508,367",6.84%,0,,0,,0,,0,,0,,0,,0,,0,
,Natchez Trace PKWY,"5,089,951",0.57%,"1,708,066",0.54%,,,"7,178,131",2.46%,"20,496,792",0.54%,"7,178,131",2.46%,0,,0,,"3,555",7.34%,"5,799",-0.72%,0,,0,,0,
,Vicksburg NMP,"474,387",-0.14%,"87,504",0.45%,,,0,,"1,050,048",0.45%,0,,0,,0,,0,,0,,0,,0,,0,
,Subtotal Mississippi,"6,863,047",3.71%,"2,154,043",4.19%,,,"7,274,892",2.72%,"25,848,528",4.19%,"7,193,612",2.50%,0,,0,,"7,259",41.39%,"30,190",67.28%,0,-100.00%,0,-100.00%,0,
Missouri,,,,,,,,,,,,,,,,,,,,,,,,,,,
,Gateway Arch NP,"2,016,180",44.20%,"672,061",44.20%,,,0,,"8,064,734",44.20%,0,,0,,0,,0,,0,,0,,0,,0,
,George Washington Carver NM,"44,411",-4.42%,"4,811",-4.41%,,,0,,"57,736",-4.42%,0,,0,,0,,0,,0,,0,,0,,0,
,Harry S Truman NHS,"32,878",-27.64%,"2,048",-25.36%,,,0,,"24,587",-25.35%,0,,0,,0,,0,,0,,0,,0,,0,
,Ozark NSR,"1,264,657",8.53%,"281,498",22.60%,,,0,,"3,377,977",22.60%,0,,8,-82.61%,0,,"70,728",60.28%,"26,740",117.89%,"13,263",73.08%,0,13.13%,"23,908",
,Ulysses S. Grant NHS,"43,602",-27.04%,"5,450",-27.04%,,,0,,"65,405",-27.04%,0,,0,,0,,0,,0,,0,,0,,0,
,Wilson's Creek NB,"220,276",6.75%,"36,712",6.75%,,,0,,"440,552",6.75%,0,,0,,0,,0,,0,,0,,0,,0,
,Subtotal Missouri,"3,622,004",23.98%,"1,002,580",34.52%,,,0,,"12,030,991",34.52%,0,,8,,0,,"70,728",,"26,740",,"13,263",,0,,"23,908",
Montana,,,,,,,,,,,,,,,,,,,,,,,,,,,
,Big Hole NB,"56,943",55.09%,"7,106",58.55%,,,0,,"85,278",58.55%,0,,0,,0,,0,,0,,0,,0,,0,
,Bighorn Canyon NRA,"127,209",1.61%,"40,664",2.07%,,,"4,695",0.00%,"487,972",2.07%,"2,345",0.00%,0,,0,,969,-3.87%,"2,541",8.31%,0,,0,,0,
,Glacier NP,"2,965,309",-10.29%,"2,684,277",-10.20%,,,"13,532",-14.39%,"32,211,332",-10.20%,"118,373",-10.35%,"107,156",-1.90%,0,,"110,507",-13.44%,"109,566",-1.86%,"32,349",-4.89%,0,33.86%,"1,178",
,Grant-Kohrs Ranch NHS,"26,676",10.82%,"2,734",10.82%,,,0,,"32,812",10.81%,0,,0,,0,,0,,0,,0,,0,,0,
,Little Bighorn Battlefield NM,"272,591",-7.95%,"22,715",-7.95%,,,"2,366",-8.29%,"272,591",-7.95%,"1,184",-8.07%,0,,0,,0,,0,,0,,0,,0,
,Yellowstone NP,"2,098,651",-0.04%,"2,111,242",-0.06%,,,"28,377",-3.82%,"25,334,909",-0.06%,"132,417",-3.83%,0,,0,,0,,0,,"6,297",-3.23%,0,,0,
,Subtotal Montana,"5,547,379",-5.77%,"4,868,738",-5.89%,,,"48,970",,"58,424,894",-5.89%,"254,319",,"107,156",,0,,"111,476",,"112,107",,"38,646",,0,,"1,178",
Nebraska,,,,,,,,,,,,,,,,,,,,,,,,,,,
,Agate Fossil Beds NM,"16,238",-49.32%,"3,240",-40.81%,,,0,,"38,884",-40.81%,0,,0,,0,,0,,0,,0,,0,,0,
,Homestead NM of America,"68,091",-44.82%,"9,498",-48.80%,,,"362,044",-14.55%,"113,983",-48.80%,"57,927",-14.55%,0,,0,,0,,0,,0,,0,,0,
,Niobrara NSR,"61,639",-23.72%,"39,645",-24.38%,,,0,,"475,748",-24.38%,0,,0,,0,,0,,0,,0,,0,,0,
,Scotts Bluff NM,"142,028",-6.90%,"22,488",-6.90%,,,0,,"269,858",-6.90%,0,,0,,0,,0,,0,,0,,0,,0,
,Subtotal Nebraska,"287,996",-25.93%,"74,871",-25.58%,,,"362,044",,"898,473",-25.58%,"57,927",,0,,0,,0,,0,,0,,0,,0,
Nevada,,,,,,,,,,,,,,,,,,,,,,,,,,,
,Great Basin NP,"153,094",-8.89%,"136,372",13.63%,,,816,9.09%,"1,636,468",13.63%,407,8.82%,0,,0,,"32,758",22.37%,"19,348",30.79%,280,-30.52%,0,10.61%,344,
,Lake Mead NRA,"5,684,218",-3.85%,"3,609,333",-4.12%,,,"222,960",-4.73%,"43,312,004",-4.12%,"1,337,766",-4.73%,"19,483",-3.97%,"78,585",-4.32%,"72,342",7.34%,"92,071",7.34%,"38,869",-45.09%,0,-9.37%,"35,813",
,Subtotal Nevada,"5,837,312",-3.99%,"3,745,705",-3.57%,,,"223,776",-4.68%,"44,948,472",-3.57%,"1,338,173",-4.72%,"19,483",,"78,585",,"105,100",11.62%,"111,419",10.79%,"39,149",-45.01%,0,-9.22%,"36,157",
New Hampshire,,,,,,,,,,,,,,,,,,,,,,,,,,,
,Saint-Gaudens NHP,"35,218",-6.23%,"5,735",-6.34%,,,0,,"68,831",-6.33%,0,,0,,0,,0,,0,,0,,0,,0,
,Subtotal New Hampshire,"35,218",-6.23%,"5,735",-6.34%,,,0,,"68,831",-6.33%,0,,0,,0,,0,,0,,0,,0,,0,
New Jersey,,,,,,,,,,,,,,,,,,,,,,,,,,,
,Delaware Water Gap NRA,"2,315,961",-4.09%,"827,657",-4.29%,,,"38,340",0.00%,"9,931,887",-4.29%,"19,176",0.00%,0,,0,,0,,0,,"12,835",-16.30%,0,-1.90%,"15,157",
,Gateway NRA,"1,702,499",-11.58%,"512,196",-10.63%,,,"203,760",0.18%,"6,146,361",-10.63%,"407,520",0.18%,0,,0,,"7,144",-8.69%,0,,0,,0,-30.86%,242,
,Morristown NHP,"279,393",4.14%,"67,674",6.44%,,,0,,"812,097",6.44%,0,,0,,0,,0,,0,,0,,0,,0,
,Paterson Great Falls NHP,"143,604",-53.41%,"34,384",-47.37%,,,0,,"412,609",-47.37%,0,,0,,0,,0,,0,,0,,0,,0,
,Thomas Edison NHP,"47,297",-20.27%,"5,470",-15.23%,,,0,,"65,648",-15.23%,0,,0,,0,,0,,0,,0,,0,,0,
,Subtotal New Jersey,"4,488,754",-9.79%,"1,447,381",-8.00%,,,"242,100",0.15%,"17,368,602",-8.00%,"426,696",0.17%,0,,0,,"7,144",,0,,"12,835",-16.30%,0,-2.54%,"15,399",
New Mexico,,,,,,,,,,,,,,,,,,,,,,,,,,,
,Aztec Ruins NM,"54,933",4.13%,"6,866",4.12%,,,"1,893",3.16%,"82,398",4.12%,"1,893",3.16%,0,,0,,0,,0,,0,,0,,0,
,Bandelier NM,"198,441",-5.12%,"80,322",2.52%,,,840,0.00%,"963,875",2.53%,216,80.00%,0,,0,,"5,717",6.70%,"7,694",39.89%,670,5.02%,0,-5.28%,"4,983",
,Capulin Volcano NM,"67,411",13.08%,"7,726",12.10%,,,420,20.00%,"92,722",12.11%,420,20.00%,0,,0,,0,,0,,0,,0,,0,
,Carlsbad Caverns NP,"465,912",-10.41%,"149,697",-10.00%,,,0,,"1,796,367",-10.00%,0,,0,,0,,0,,0,,184,-8.91%,0,,0,
,Chaco Culture NHP,"57,781",4.42%,"56,755",-25.10%,,,"10,560",0.00%,"681,060",-25.10%,"10,560",0.00%,0,,0,,"7,805",-46.51%,"7,896",-21.83%,0,,0,15.55%,"2,036",
,El Malpais NM,"154,368",-4.43%,"51,456",-4.43%,,,720,0.00%,"617,477",-4.43%,180,0.00%,0,,0,,0,,0,,0,,0,,0,
,El Morro NM,"65,453",10.91%,"17,755",5.69%,,,"13,619",10.34%,"213,063",5.69%,"4,495",10.33%,0,,0,,"2,538",-5.97%,"1,786",5.06%,0,,0,,0,
,Fort Union NM,"10,860",-6.99%,"1,068",-6.97%,,,240,0.00%,"12,816",-6.98%,24,0.00%,0,,0,,0,,0,,0,,0,,0,
,Gila Cliff Dwellings NM,"79,108",0.30%,"9,888",0.29%,,,0,,"118,663",0.30%,0,,0,,0,,0,,0,,0,,0,,0,
,Manhattan Project NHP,"14,161",101.69%,"1,000",242.47%,,,0,-100.00%,"12,006",242.05%,0,-100.00%,0,,0,,0,,0,,0,,0,,0,
,Pecos NHP,"39,129",-3.74%,"4,048",-6.06%,,,0,,"48,580",-6.06%,0,,0,,0,,0,,0,,0,,0,,0,
,Petroglyph NM,"268,613",89.43%,"44,768",89.43%,,,0,,"537,223",89.43%,0,,0,,0,,0,,0,,0,,0,,0,
,Salinas Pueblo Missions NM,"34,629",-1.48%,"5,560",-2.13%,,,0,,"66,730",-2.12%,0,,0,,0,,0,,0,,0,,0,,0,
,White Sands NP,"603,008",-1.54%,"126,183",-2.30%,,,0,,"1,514,201",-2.30%,0,,0,,0,,0,,0,,"4,125",-21.56%,0,,0,
,Subtotal New Mexico,"2,113,807",3.36%,"563,092",-2.69%,,,"28,292",5.03%,"6,757,181",-2.69%,"17,788",2.61%,0,,0,,"16,060",,"17,376",,"4,979",,0,,"7,019",
New York,,,,,,,,,,,,,,,,,,,,,,,,,,,
,African Burial Ground NM,"45,035",4.29%,"2,711",0.00%,,,0,,"32,537",-0.01%,0,,0,,0,,0,,0,,0,,0,,0,
,Castle Clinton NM,"4,533,564",-4.30%,"189,958",-4.12%,,,621,-15.16%,"2,279,497",-4.12%,121,-62.19%,0,,0,,0,,0,,0,,0,,0,
,Eleanor Roosevelt NHS,"54,649",-19.18%,"6,830",-19.19%,,,0,,"81,971",-19.19%,0,,0,,0,,0,,0,,0,,0,,0,
,Federal Hall NMEM,"230,634",-29.14%,"14,582",-29.19%,,,"1,639",-45.40%,"174,993",-29.18%,"2,571",10.63%,0,,0,,0,,0,,0,,0,,0,
,Fire Island NS,"305,710",-33.02%,"88,653",-20.10%,,,"220,362",-2.12%,"1,063,841",-20.10%,"661,086",-2.12%,0,,405,,0,,0,,"3,045",-3.24%,0,87.01%,"15,686",
,Fort Stanwix NM,"90,507",-15.36%,"11,313",-15.37%,,,0,,"135,760",-15.36%,0,,0,,0,,0,,0,,0,,0,,0,
,Gateway NRA,"7,540,806",3.79%,"1,620,154",2.84%,,,"1,038,069",-20.13%,"19,441,853",2.84%,"2,076,138",-20.13%,0,,0,,"7,440",-30.81%,"2,488",-21.44%,0,,0,62.19%,"1,810",
,General Grant NMEM,"73,336",-24.40%,"3,810",-22.20%,,,427,179.08%,"45,730",-22.19%,397,944.74%,0,,0,,0,,0,,0,,0,,0,
,Governors Island NM,"589,798",-5.73%,"98,299",-5.73%,,,0,,"1,179,596",-5.73%,0,,0,,0,,0,,0,,0,,0,,0,
,Hamilton Grange NMEM,"66,216",-22.65%,"4,087",-17.75%,,,129,-47.98%,"49,046",-17.76%,5,-97.67%,0,,0,,0,,0,,0,,0,,0,
,Home of Franklin D. Roosevelt NHS,"154,000",-17.09%,"20,896",-16.23%,,,0,,"250,754",-16.23%,0,,0,,0,,0,,0,,0,,0,,0,
,Martin Van Buren NHS,"18,642",-15.35%,"1,569",-15.74%,,,720,0.00%,"18,831",-15.73%,180,0.00%,0,,0,,0,,0,,0,,0,,0,
,Sagamore Hill NHS,"39,970",-27.57%,"8,327",-27.57%,,,0,,"99,927",-27.57%,0,,0,,0,,0,,0,,0,,0,,0,
,Saint Paul's Church NHS,"21,630",2.08%,"2,390",2.49%,,,470,-6.93%,"28,681",2.47%,208,-25.18%,0,,0,,0,,0,,0,,0,,0,
,Saratoga NHP,"135,444",38.52%,"33,187",24.31%,,,"87,213",26.48%,"398,247",24.30%,"6,976",26.49%,0,,0,,0,,0,,0,,0,,0,
,Statue of Liberty NM,"4,335,431",-2.40%,"1,625,786",-2.40%,,,0,,"19,509,443",-2.40%,0,,0,,0,,0,,0,,0,,0,,0,
,Stonewall NM,"511,220",378.71%,"42,344",404.70%,,,0,-100.00%,"508,128",404.65%,0,-100.00%,0,,0,,0,,0,,0,,0,,0,
,Theodore Roosevelt Birthplace NHS,"23,155",-6.95%,"2,083",0.14%,,,110,-64.97%,"24,999",0.12%,241,-13.00%,0,,0,,0,,0,,0,,0,,0,
,Theodore Roosevelt Inaugural NHS,"27,508",-3.77%,"4,547",0.33%,,,0,,"54,566",0.32%,0,,0,,0,,0,,0,,0,,0,,0,
,Upper Delaware S&RR,"110,480",-12.85%,"38,396",-8.34%,,,"1,065",0.00%,"460,753",-8.34%,265,0.00%,0,,0,,0,,0,,0,,0,,0,
,Vanderbilt Mansion NHS,"340,870",-5.43%,"35,865",-3.28%,,,0,,"430,390",-3.28%,0,,0,,0,,0,,0,,0,,0,,0,
,Women's Rights NHP,"42,784",-30.78%,"3,631",-36.70%,,,"1,344",0.00%,"43,582",-36.69%,672,0.00%,0,,0,,0,,0,,0,,0,,0,
,Subtotal New York,"19,291,389",-0.27%,"3,859,418",-0.44%,,,"1,352,169",,"46,313,125",-0.44%,"2,748,860",,0,,405,,"7,440",,"2,488",,"3,045",,0,,"17,496",
North Carolina,,,,,,,,,,,,,,,,,,,,,,,,,,,
,Blue Ridge PKWY,"9,108,059",-8.72%,"4,727,272",-8.69%,,,"1,456,692",0.00%,"56,727,271",-8.69%,"728,352",0.00%,"21,339",9.45%,0,,"45,985",-8.52%,"27,723",-2.84%,703,-41.37%,0,0.00%,"1,294",
,Cape Hatteras NS,"2,591,056",6.47%,"945,312",5.15%,,,"135,347",4.76%,"11,343,751",5.15%,"412,879",5.95%,0,,0,,"40,813",-4.49%,"38,083",23.54%,0,,456,-13.65%,"4,782",225.71%
,Cape Lookout NS,"408,399",2.26%,"148,238",-22.04%,,,"4,800",0.00%,"1,778,864",-22.04%,"14,400",0.00%,"5,332",-84.11%,0,,0,,0,,262,-68.99%,0,,0,
,Carl Sandburg Home NHS,"72,047",-1.00%,"9,260",-0.92%,,,0,,"111,123",-0.93%,0,,0,,0,,0,,0,,0,,0,,0,
,Fort Raleigh NHS,"261,198",-5.01%,"31,482",-4.46%,,,"1,344",0.00%,"377,784",-4.46%,"1,344",0.00%,0,,0,,0,,0,,0,,0,,0,
,Great Smoky Mountains NP,"5,025,330",0.73%,"3,067,435",0.38%,,,0,,"36,809,230",0.38%,0,,0,,0,,"52,531",-9.37%,"38,604",3.89%,"42,939",-6.48%,0,-3.73%,"7,709",
,Guilford Courthouse NMP,"236,016",-32.37%,"12,306",-32.04%,,,"4,290,278",-7.55%,"147,679",-32.04%,"35,610",-7.54%,0,,0,,0,,0,,0,,0,37.50%,11,
,Moores Creek NB,"58,531",-32.53%,"3,056",-38.79%,,,0,,"36,672",-38.80%,0,,0,,0,,0,,0,,5,-98.42%,0,,0,
,Wright Brothers NMEM,"360,669",-12.93%,"30,055",-12.93%,,,"2,190",0.00%,"360,669",-12.93%,"1,095",0.00%,0,,0,,0,,0,,0,,0,,0,
,Subtotal North Carolina,"18,121,305",-4.61%,"8,974,416",-4.76%,,,"5,890,651",-5.52%,"107,693,043",-4.76%,"1,193,680",1.73%,"26,671",-49.72%,0,,"139,329",-7.70%,"104,410",8.18%,"43,909",-9.04%,456,-7.09%,"13,796",
North Dakota,,,,,,,,,,,,,,,,,,,,,,,,,,,
,Fort Union Trading Post NHS,"13,551",1.67%,"1,398",2.64%,,,608,-25.22%,"16,780",2.65%,152,-26.21%,0,,0,,0,,0,,0,,0,,0,
,Knife River Indian Villages NHS,"11,682",0.33%,"1,366",7.64%,,,519,-46.71%,"16,392",7.62%,260,-46.61%,0,,0,,0,,0,,0,,0,,0,
,Theodore Roosevelt NP,"749,389",5.85%,"224,930",7.68%,,,"6,578",0.00%,"2,699,165",7.68%,"2,172",0.00%,0,,0,,"14,707",-0.11%,"18,235",2.73%,614,4.60%,0,21.38%,"2,424",
,Subtotal North Dakota,"774,622",5.68%,"227,694",7.65%,,,"7,705",-7.89%,"2,732,337",7.65%,"2,584",-9.81%,0,,0,,"14,707",,"18,235",,614,,0,,"2,424",
Ohio,,,,,,,,,,,,,,,,,,,,,,,,,,,
,Charles Young Buffalo Soldiers NM,"31,448",153.51%,"3,833",87.52%,,,0,,"46,004",87.51%,0,,0,,0,,0,,0,,0,,0,,0,
,Cuyahoga Valley NP,"2,096,053",-5.87%,"522,233",-1.91%,,,0,,"6,266,804",-1.91%,0,,"8,607",12.22%,0,,0,,0,,0,,0,58.68%,"1,582",
,Dayton Aviation Heritage NHP,"93,541",-6.18%,"11,012",-3.30%,,,0,,"132,144",-3.31%,0,,0,,0,,0,,0,,0,,0,,0,
,First Ladies NHS,"11,447",-12.52%,"1,907",-12.52%,,,0,,"22,894",-12.52%,0,,0,,0,,0,,0,,0,,0,,0,
,Hopewell Culture NHP,"57,335",-8.14%,"9,555",-8.14%,,,0,,"114,670",-8.14%,0,,0,,0,,0,,0,,0,,0,,0,
,James A. Garfield NHS,"40,835",-23.72%,"6,805",-23.73%,,,0,,"81,670",-23.72%,0,,0,,0,,0,,0,,0,,0,,0,
,Perry's Victory & Intl. Peace MEM,"150,557",77.61%,"11,736",101.23%,,,0,,"140,843",101.23%,0,,0,,0,,0,,0,,0,,0,-100.00%,0,
,William Howard Taft NHS,"30,202",-19.30%,"2,516",-19.31%,,,0,,"30,202",-19.30%,0,,0,,0,,0,,0,,0,,0,,0,
,Subtotal Ohio,"2,511,418",-3.04%,"569,597",-1.16%,,,0,,"6,835,231",-1.16%,0,,"8,607",,0,,0,,0,,0,,0,,"1,582",
Oklahoma,,,,,,,,,,,,,,,,,,,,,,,,,,,
,Chickasaw NRA,"1,477,906",-3.64%,"568,019",-6.31%,,,"1,640,554",-2.33%,"6,816,236",-6.31%,"131,244",-2.33%,0,,0,,"73,441",-11.38%,"52,746",-7.97%,0,,0,-5.42%,"28,000",
,Washita Battlefield NHS,"13,437",13.57%,"1,119",13.60%,,,0,,"13,437",13.57%,0,,0,,0,,0,,0,,0,,0,,0,
,Subtotal Oklahoma,"1,491,343",-3.51%,"569,138",-6.28%,,,"1,640,554",-2.33%,"6,829,673",-6.28%,"131,244",-2.33%,0,,0,,"73,441",-11.38%,"52,746",-7.97%,0,,0,-5.42%,"28,000",
Oregon,,,,,,,,,,,,,,,,,,,,,,,,,,,
,Crater Lake NP,"720,659",1.25%,"341,993",6.55%,,,"49,600",0.00%,"4,103,920",6.55%,"24,800",0.00%,"34,647",12.98%,"42,039",15.70%,"6,739",56.10%,0,,"2,584",-9.37%,0,,0,
,John Day Fossil Beds NM,"204,621",-4.63%,"19,780",-4.63%,,,840,0.00%,"237,362",-4.63%,84,0.00%,0,,0,,0,,0,,0,,0,,0,
,Lewis & Clark NHP,"286,349",-2.39%,"35,808",-3.57%,,,133,-83.90%,"429,701",-3.56%,34,-83.57%,0,,0,,0,,0,,0,,0,,0,
,Oregon Caves NM & PRES,"67,417",-6.64%,"24,304",-2.14%,,,520,0.00%,"291,659",-2.14%,"1,040",0.00%,"5,588",9.85%,0,,0,,0,,0,,0,,0,
,Subtotal Oregon,"1,279,046",-0.99%,"421,885",4.51%,,,"51,093",-1.34%,"5,062,642",4.51%,"25,958",-0.66%,"40,235",12.54%,"42,039",15.70%,"6,739",56.10%,0,,"2,584",-9.37%,0,,0,
Pennsylvania,,,,,,,,,,,,,,,,,,,,,,,,,,,
,Allegheny Portage Railroad NHS,"189,047",-6.34%,"24,147",-7.01%,,,180,0.00%,"289,774",-7.00%,48,0.00%,0,,0,,0,,0,,0,,0,,0,
,Delaware Water Gap NRA,"945,956",-4.09%,"338,057",-4.29%,,,"15,660",0.00%,"4,056,686",-4.29%,"7,824",0.00%,0,,"8,701",-3.33%,0,,0,,"1,855",-2.73%,0,-4.77%,"8,497",
,Edgar Allan Poe NHS,"16,314",9.65%,"1,359",9.69%,,,0,,"16,314",9.65%,0,,0,,0,,0,,0,,0,,0,,0,
,Eisenhower NHS,"42,036",-16.92%,"5,604",-16.93%,,,0,,"67,257",-16.92%,0,,0,,0,,0,,0,,0,,0,,0,
,Flight 93 NMEM,"381,448",4.77%,"55,627",83.35%,,,0,,"667,530",83.35%,0,,0,,0,,0,,0,,0,,0,,0,
,Fort Necessity NB,"280,970",-4.48%,"33,403",-4.48%,,,120,0.00%,"400,839",-4.48%,48,0.00%,0,,0,,0,,0,,0,,0,50.15%,503,
,Friendship Hill NHS,"41,678",5.84%,"7,973",4.95%,,,0,,"95,679",4.95%,0,,0,,0,,0,,0,,0,,0,,0,
,Gettysburg NMP,"949,989",-8.54%,"347,915",-9.71%,,,"74,400",0.00%,"4,174,986",-9.71%,"12,348",0.00%,0,,0,,0,,0,,0,,0,7.09%,"7,745",
,Hopewell Furnace NHS,"46,407",-5.88%,"4,640",-5.88%,,,600,0.00%,"55,689",-5.88%,300,0.00%,0,,0,,0,,0,,0,,0,,0,
,Independence NHP,"4,576,456",-4.47%,"575,255",-4.79%,,,0,,"6,903,071",-4.79%,0,,0,,0,,0,,0,,0,,0,,0,
,Johnstown Flood NMEM,"146,269",-14.65%,"12,594",-14.46%,,,"156,797",-2.28%,"151,139",-14.46%,"4,704",-2.24%,0,,0,,0,,0,,0,,0,,0,
,Steamtown NHS,"97,950",-5.78%,"12,006",-12.34%,,,"11,592",0.00%,"144,082",-12.34%,"5,796",0.00%,0,,0,,0,,0,,0,,0,,0,
,Thaddeus Kosciuszko NMEM,"2,077",-9.42%,43,-8.51%,,,0,,519,-9.42%,0,,0,,0,,0,,0,,0,,0,,0,
,Upper Delaware S&RR,"110,480",-12.85%,"38,396",-8.34%,,,"1,065",0.00%,"460,753",-8.34%,265,0.00%,0,,0,,0,,0,,0,,0,,0,
,Valley Forge NHP,"1,881,362",-12.88%,"313,560",-12.88%,,,0,,"3,762,724",-12.88%,0,,0,,0,,0,,0,,0,,0,,0,
,Subtotal Pennsylvania,"9,708,439",-6.59%,"1,770,579",-6.06%,,,"260,414",-1.38%,"21,247,042",-6.06%,"31,333",-0.34%,0,,"8,701",,0,,0,,"1,855",,0,,"16,745",
Puerto Rico,,,,,,,,,,,,,,,,,,,,,,,,,,,
,San Juan NHS,"910,405",-23.42%,"147,169",-23.18%,,,0,,"1,766,038",-23.18%,0,,0,,0,,0,,0,,0,,0,,0,
,Subtotal Puerto Rico,"910,405",-23.42%,"147,169",-23.18%,,,0,,"1,766,038",-23.18%,0,,0,,0,,0,,0,,0,,0,,0,
Rhode Island,,,,,,,,,,,,,,,,,,,,,,,,,,,
,Roger Williams NMEM,"60,709",-25.02%,"4,364",-25.31%,,,"85,536",-24.65%,"52,376",-25.31%,"6,843",-24.64%,0,,0,,0,,0,,0,,0,,0,
,Subtotal Rhode Island,"60,709",-25.02%,"4,364",-25.31%,,,"85,536",-24.65%,"52,376",-25.31%,"6,843",-24.64%,0,,0,,0,,0,,0,,0,,0,
South Carolina,,,,,,,,,,,,,,,,,,,,,,,,,,,
,Charles Pinckney NHS,"34,354",-36.08%,"5,725",-36.08%,,,0,,"68,711",-36.08%,0,,0,,0,,0,,0,,0,,0,,0,
,Congaree NP,"145,929",-8.56%,"51,887",-11.50%,,,0,,"622,647",-11.50%,0,,0,,0,,0,,0,,"1,023",-28.16%,0,-16.26%,"8,220",
,Cowpens NB,"189,410",-10.95%,"15,526",-12.15%,,,0,,"186,319",-12.15%,0,,0,,0,,0,,0,,0,,0,-41.45%,226,
,Fort Sumter and Fort Moultrie NHP,"859,880",-4.09%,"172,794",-3.48%,,,0,,"2,073,539",-3.48%,0,,0,,0,,0,,0,,0,,0,,2,
,Kings Mountain NMP,"287,635",-1.44%,"21,871",-27.90%,,,"277,615",-0.17%,"262,461",-27.90%,"46,250",-0.17%,0,,0,,0,,0,,60,-26.83%,0,,0,
,Ninety Six NHS,"95,550",-15.52%,"9,953",-15.52%,,,0,,"119,438",-15.52%,0,,0,,0,,0,,0,,0,,0,,0,
,Subtotal South Carolina,"1,612,758",-6.64%,"277,756",-9.35%,,,"277,615",,"3,333,115",-9.35%,"46,250",,0,,0,,0,,0,,"1,083",,0,,"8,448",
South Dakota,,,,,,,,,,,,,,,,,,,,,,,,,,,
,Badlands NP,"1,008,942",-4.30%,"357,735",-12.54%,,,"105,109",55.81%,"4,292,825",-12.54%,"52,554",55.81%,"9,375",-2.81%,"13,830",-71.28%,"2,920",-40.77%,778,-9.43%,"2,926",20.26%,0,-100.00%,0,
,Jewel Cave NM,"142,356",-1.51%,"32,494",-23.36%,,,223,-13.23%,"389,928",-23.36%,223,-13.23%,0,,0,,0,,0,,0,,0,,0,
,Minuteman Missile NHS,"139,273",-3.09%,"6,596",-1.58%,,,0,,"79,163",-1.58%,0,,0,,0,,0,,0,,0,,0,,0,
,Missouri NRR,"128,657",7.38%,"10,721",7.38%,,,0,,"128,657",7.38%,0,,0,,0,,0,,0,,0,,0,,0,
,Mount Rushmore NMEM,"2,311,273",-5.19%,"253,596",-5.19%,,,"798,744",-6.34%,"3,043,161",-5.19%,"266,247",-6.34%,0,,0,,0,,0,,0,,0,,0,
,Wind Cave NP,"656,397",5.88%,"165,555",2.53%,,,"261,581",3.50%,"1,986,661",2.53%,"86,322",3.50%,0,,0,,"4,333",-30.08%,"4,164",-10.84%,437,-3.32%,0,130.43%,"1,219",
,Subtotal South Dakota,"4,386,898",-2.95%,"826,697",-7.84%,,,"1,165,657",-0.65%,"9,920,395",-7.84%,"405,346",0.92%,"9,375",-2.81%,"13,830",-71.28%,"7,253",-34.82%,"4,942",-10.62%,"3,363",16.57%,0,40.60%,"1,219",
Tennessee,,,,,,,,,,,,,,,,,,,,,,,,,,,
,Andrew Johnson NHS,"50,671",-6.16%,"2,249",-4.38%,,,0,,"26,996",-4.35%,0,,0,,0,,0,,0,,0,,0,,0,
,Big South Fork NRRA,"448,933",-0.04%,"266,538",-2.14%,,,0,,"3,198,462",-2.14%,0,,0,-100.00%,0,,"6,327",-21.94%,"25,309",-8.32%,"5,450",-20.70%,0,19.49%,"3,439",
,Chickamauga & Chattanooga NMP,"472,981",-4.88%,"77,133",-5.07%,,,0,,"925,597",-5.07%,0,,0,,0,,0,,0,,0,,0,,0,
,Fort Donelson NB,"168,986",-19.07%,"9,392",-19.82%,,,"497,440",19.47%,"112,714",-19.81%,"16,416",19.46%,0,,0,,0,,0,,0,,0,-88.71%,7,
,Great Smoky Mountains NP,"6,395,874",0.73%,"3,904,009",0.38%,,,"10,544,377",1.42%,"46,848,110",0.38%,"5,272,190",1.42%,"11,163",0.03%,0,,"99,636",-2.79%,"75,045",2.89%,"54,654",-6.48%,0,-13.18%,"12,396",
,Manhattan Project NHP,"31,640",-55.06%,"2,477",-42.78%,,,0,,"29,727",-42.79%,0,,0,,0,,0,,0,,0,,0,,0,
,Natchez Trace PKWY,"827,118",0.57%,"277,560",0.54%,,,"1,166,447",2.46%,"3,330,729",0.54%,"1,166,447",2.46%,0,,0,,"2,316",-8.20%,"3,897",-17.31%,0,,0,,0,
,Obed W&SR,"217,530",1.28%,"78,016",2.24%,,,"10,800",0.00%,"936,199",2.25%,900,0.00%,0,,0,,"9,824",20.17%,0,,257,12.23%,0,,0,
,Shiloh NMP,"376,099",-13.56%,"45,515",-12.64%,,,"161,915",-18.40%,"546,184",-12.64%,"32,383",-18.40%,0,,0,,0,,0,,0,,0,,0,
,Stones River NB,"266,503",15.59%,"37,491",3.18%,,,"1,450",-4.79%,"449,894",3.18%,250,-22.60%,0,,0,,0,,0,,0,,0,,0,
,Subtotal Tennessee,"9,256,335",-0.81%,"4,700,380",-0.04%,,,"12,382,429",,"56,404,612",-0.04%,"6,488,586",,"11,163",,0,,"118,103",,"104,251",,"60,361",,0,,"15,842",
Texas,,,,,,,,,,,,,,,,,,,,,,,,,,,
,Alibates Flint Quarries NM,"7,415",12.13%,"1,544",12.13%,,,0,,"18,539",12.15%,0,,0,,0,,0,,0,,0,,0,,0,
,Amistad NRA,"1,111,770",-8.99%,"677,269",-9.08%,,,"1,128",0.00%,"8,127,236",-9.08%,"1,128",0.00%,0,,0,,0,,"6,629",-39.84%,0,,0,-45.79%,870,
,Big Bend NP,"440,091",-0.04%,"862,797",-5.92%,,,"2,364",0.00%,"10,353,573",-5.92%,"7,092",0.00%,"48,065",8.05%,"13,060",59.19%,"55,863",-14.64%,"33,209",-0.95%,"23,858",-43.94%,0,-15.62%,"37,299",
,Big Thicket NPRES,"221,514",29.81%,"66,794",36.08%,,,0,,"801,529",36.08%,0,,0,,0,,0,,0,,"1,765",-35.75%,0,,0,
,Chamizal NMEM,"66,479",-23.06%,"7,317",-17.52%,,,"48,995",5.96%,"87,815",-17.51%,"171,482",5.96%,0,,0,,0,,0,,0,,0,,0,
,Fort Davis NHS,"49,532",-18.68%,"8,648",-22.54%,,,285,-15.68%,"103,783",-22.53%,501,-2.15%,0,,0,,0,,0,,0,,0,,0,
,Guadalupe Mountains NP,"172,347",-23.49%,"42,279",-9.10%,,,0,,"507,354",-9.10%,0,,0,,0,,"10,693",-11.63%,"6,437",-10.39%,"3,509",-9.93%,0,-46.10%,"1,390",
,Lake Meredith NRA,"1,106,233",-16.77%,"268,519",-17.20%,,,0,,"3,222,228",-17.20%,0,,0,,0,,"8,889",-21.92%,"40,525",-16.79%,0,,0,,0,
,Lyndon B. Johnson NHP,"121,499",-16.85%,"16,792",-16.37%,,,0,,"201,509",-16.38%,0,,0,,0,,0,,0,,0,,0,,0,
,Padre Island NS,"616,033",-5.25%,"359,513",-4.83%,,,"1,800",0.00%,"4,314,161",-4.83%,"14,400",0.00%,0,,0,,"21,415",3.62%,"33,138",-9.21%,"13,601",-0.10%,0,-11.76%,405,
,Palo Alto Battlefield NHP,"82,488",-2.22%,"12,154",-13.55%,,,0,,"145,852",-13.55%,0,,0,,0,,0,,0,,0,,0,,0,
,Rio Grande W&SR,330,-17.29%,"4,595",64.64%,,,0,,"55,140",64.61%,0,,0,,0,,0,,0,,"2,545",50.15%,0,,0,
,San Antonio Missions NHP,"1,208,104",-12.54%,"130,481",-18.42%,,,0,,"1,565,782",-18.42%,0,,0,,0,,0,,0,,0,,0,,0,
,Waco Mammoth NM,"106,932",5.05%,"11,191",0.78%,,,"2,176",66.62%,"134,294",0.78%,181,32.12%,0,,0,,0,,0,,0,,0,,0,
,Subtotal Texas,"5,310,767",-10.06%,"2,469,893",-8.15%,,,"56,748",,"29,638,795",-8.15%,"194,784",,"48,065",,"13,060",,"96,860",,"119,938",,"45,278",,0,,"39,964",
Utah,,,,,,,,,,,,,,,,,,,,,,,,,,,
,Arches NP,"1,663,557",8.09%,"492,238",26.41%,,,0,,"5,906,859",26.41%,0,,0,,0,,"17,938",1157.92%,"16,157",1856.05%,368,466.15%,0,,"3,711",
,Bryce Canyon NP,"2,679,478",4.19%,"1,155,591",-1.15%,,,"419,953",-0.14%,"13,867,092",-1.15%,"125,987",-0.14%,"51,690",-5.20%,0,,"49,747",48.53%,"29,619",-51.75%,"2,603",7.83%,0,-10.33%,"1,268",
,Canyonlands NP,"739,449",-0.38%,"441,816",-1.37%,,,0,,"5,301,793",-1.37%,0,,0,,0,,"13,221",-2.54%,"10,517",23.45%,"78,375",-4.64%,0,-49.76%,416,
,Capitol Reef NP,"1,227,627",6.73%,"159,992",11.87%,,,"55,435",4.26%,"1,919,904",11.87%,"55,435",4.26%,0,,0,,"24,822",36.84%,"27,143",30.34%,"4,048",6.16%,0,14.41%,"2,445",
,Cedar Breaks NM,"644,515",-29.11%,"113,524",-27.84%,,,"55,766",-27.92%,"1,362,292",-27.84%,"111,531",-27.93%,0,,0,,"2,397",4.40%,"1,673",6.49%,0,,0,,0,
,Dinosaur NM,"79,160",-3.61%,"37,821",0.44%,,,192,0.00%,"453,855",0.44%,192,0.00%,0,,0,,"11,914",-0.66%,"12,995",1.68%,"7,998",-2.96%,0,35.83%,"1,414",
,Glen Canyon NRA,"3,353,724",3.31%,"3,323,553",-3.90%,,,"4,849",-7.09%,"39,882,640",-3.90%,"58,171",-7.10%,"8,334",-7.39%,"12,038",-9.30%,908,-75.36%,200,,"11,023",-74.51%,0,-8.50%,"220,612",
,Golden Spike NHP,"60,130",-11.33%,"12,136",-8.46%,,,"31,000",0.00%,"145,632",-8.46%,"15,500",0.00%,0,,0,,0,,0,,0,,0,,0,
,Hovenweep NM,"22,723",1.51%,"6,468",-5.27%,,,168,0.00%,"77,621",-5.27%,36,0.00%,0,,0,,"1,063",-21.03%,"1,331",-6.27%,0,,0,,0,
,Natural Bridges NM,"103,118",-4.03%,"49,615",-3.68%,,,800,0.00%,"595,388",-3.68%,400,0.00%,0,,0,,"3,677",-8.60%,"3,540",4.86%,0,,0,,0,
,Rainbow Bridge NM,"110,904",2.29%,"13,863",2.29%,,,0,,"166,357",2.29%,0,,0,,0,,0,,0,,0,,0,,0,
,Timpanogos Cave NM,"121,311",20.42%,"21,505",21.28%,,,0,,"258,069",21.29%,0,,0,,0,,0,,0,,0,,0,,0,
,Zion NP,"4,320,033",-4.10%,"2,492,823",-1.19%,,,"21,900",0.00%,"29,913,878",-1.19%,"5,475",0.00%,"86,592",-0.72%,0,,"132,988",-3.80%,"72,016",-0.56%,"22,964",-9.84%,0,4.56%,"23,741",
,Subtotal Utah,"15,125,729",-0.18%,"8,320,945",-1.28%,,,"590,063",,"99,851,380",-1.28%,"372,727",,"146,616",,"12,038",,"258,675",13.35%,"175,191",-4.33%,"127,379",-23.00%,0,,"253,607",
Vermont,,,,,,,,,,,,,,,,,,,,,,,,,,,
,Marsh-Billings-Rockefeller NHP,"63,886",37.32%,"10,647",37.33%,,,0,,"127,772",37.32%,0,,0,,0,,0,,0,,0,,0,,0,
,Subtotal Vermont,"63,886",37.32%,"10,647",37.33%,,,0,,"127,772",37.32%,0,,0,,0,,0,,0,,0,,0,,0,
Virgin Islands,,,,,,,,,,,,,,,,,,,,,,,,,,,
,Buck Island Reef NM,"31,411",-5.05%,"16,149",-3.59%,,,0,,"193,799",-3.59%,0,,0,,0,,0,,0,,0,,0,0.00%,"3,840",
,Christiansted NHS,"107,494",11.07%,"5,240",9.30%,,,0,,"62,885",9.30%,0,,0,,0,,0,,0,,0,,0,,0,
,Salt River Bay NHP & Ecological Pres,"4,884",-53.78%,911,-30.03%,,,0,,"10,942",-30.01%,0,,0,,0,,0,,0,,0,,0,,0,
,Virgin Islands NP,"112,287",-63.11%,"57,547",-63.11%,,,"199,819",-13.97%,"690,568",-63.11%,"49,955",-20.50%,0,-100.00%,0,-100.00%,0,,0,,0,,0,-100.00%,0,-100.00%
,Subtotal Virgin Islands,"256,076",-42.43%,"79,847",-55.36%,,,"199,819",,"958,194",-55.36%,"49,955",,0,,0,,0,,0,,0,,0,-92.64%,"3,840",
Virginia,,,,,,,,,,,,,,,,,,,,,,,,,,,
,Appomattox Court House NHP,"103,044",-9.58%,"12,471",-9.58%,,,0,,"149,657",-9.58%,0,,0,,0,,0,,0,,0,,0,,0,
,Arlington House The R.E. Lee MEM,"49,500",-93.18%,"2,062",-93.18%,,,0,,"24,750",-93.18%,0,,0,,0,,0,,0,,0,,0,,0,
,Assateague Island NS,"1,431,717",-8.96%,"1,012,295",-9.21%,,,"2,412",0.00%,"12,147,545",-9.21%,"2,412",0.00%,0,,0,,0,,0,,"1,043",-4.57%,0,-24.95%,"7,449",
,Blue Ridge PKWY,"5,582,358",-8.72%,"2,897,360",-8.69%,,,"485,568",0.00%,"34,768,328",-8.69%,"242,784",0.00%,"26,497",-12.87%,0,,"9,879",-23.86%,"6,013",-19.81%,279,12.50%,0,,0,
,Booker T. Washington NM,"22,732",-10.78%,"4,094",-5.73%,,,84,0.00%,"49,129",-5.74%,12,0.00%,0,,0,,0,,0,,0,,0,,0,
,Colonial NHP,"3,294,224",-1.18%,"286,660",-2.87%,,,"2,108,599",0.09%,"3,439,928",-2.87%,"1,054,301",0.09%,0,,0,,0,,0,,0,,0,,0,
,Cumberland Gap NHP,"47,892",-7.24%,"7,696",-11.46%,,,"572,634",4.68%,"92,363",-11.46%,"407,334",4.68%,0,,0,,176,-37.14%,696,4.04%,54,-40.00%,0,,11,
,Fredericksburg & Spotsylvania NMP,"926,464",0.78%,"34,842",-4.19%,,,"1,419,555",16.62%,"418,115",-4.19%,"176,716",19.31%,0,,0,,0,,0,,0,,0,,0,
,George Washington Birthplace NM,"111,058",-9.31%,"28,653",-8.76%,,,"7,200",0.00%,"343,841",-8.76%,"7,200",0.00%,0,,0,,0,,0,,0,,0,,0,
,George Washington MEM PKWY,"7,288,623",-3.63%,"653,908",-3.03%,,,"36,031,978",-3.20%,"7,846,905",-3.03%,"18,015,987",-3.20%,0,,0,,0,,0,,0,,0,,0,
,LBJ Memorial Grove on the Potomac,"261,225",-5.83%,"10,884",-5.83%,,,0,,"130,613",-5.83%,0,,0,,0,,0,,0,,0,,0,,0,
,Maggie L. Walker NHS,"10,961",2.08%,"1,370",2.09%,,,0,,"16,440",2.07%,0,,0,,0,,0,,0,,0,,0,,0,
,Manassas NBP,"542,004",-10.50%,"33,875",-10.50%,,,480,0.00%,"406,504",-10.50%,84,0.00%,0,,0,,0,,0,,0,,0,,0,
,Petersburg NB,"204,322",-1.99%,"17,525",-4.87%,,,"364,012",-0.67%,"210,302",-4.87%,"91,002",-0.67%,0,,0,,0,,0,,0,,0,,0,
,Prince William Forest Park,"313,629",-13.01%,"276,864",-3.09%,,,480,0.00%,"3,322,372",-3.09%,960,0.00%,0,,"30,041",7.11%,"23,054",-0.31%,"1,310",2.83%,270,10.20%,0,2.38%,"59,260",
,Richmond NBP,"199,344",-11.01%,"32,223",-9.18%,,,"150,458",0.11%,"386,679",-9.18%,"37,615",0.11%,0,,0,,0,,0,,0,,0,,0,
,Shenandoah NP,"1,264,880",-13.30%,"858,846",-8.70%,,,"10,962",0.00%,"10,306,163",-8.70%,"2,742",0.00%,"108,615",2.21%,0,,"110,256",-4.60%,"52,431",1.13%,"39,980",-33.10%,0,77.70%,263,
,Theodore Roosevelt Island,"151,500",-9.93%,"22,725",-9.93%,,,0,,"272,700",-9.93%,0,,0,,0,,0,,0,,0,,0,,0,
,Wolf Trap NP for the Performing Arts,"365,540",-13.86%,"121,846",-13.86%,,,0,,"1,462,160",-13.86%,0,,0,,0,,0,,0,,0,,0,,0,
,Subtotal Virginia,"22,171,017",-8.69%,"6,316,199",-8.20%,,,"41,154,422",,"75,794,494",-8.20%,"20,039,149",,"135,112",,"30,041",,"143,365",,"60,450",,"41,626",,0,,"66,983",
Washington,,,,,,,,,,,,,,,,,,,,,,,,,,,
,Fort Vancouver NHS,"1,098,553",1.58%,"93,033",15.05%,,,0,,"1,116,405",15.05%,0,,0,,0,,0,,0,,0,,0,,0,
,Klondike Gold Rush NHP Seattle,"82,646",-2.49%,"12,052",-2.49%,,,0,,"144,631",-2.49%,0,,0,,0,,0,,0,,0,,0,,0,
,Lake Chelan NRA,"38,839",0.97%,"40,585",-3.31%,,,0,,"487,025",-3.31%,0,,"8,412",-0.10%,0,,0,,0,,"6,217",-1.21%,0,,0,
,Lake Roosevelt NRA,"1,276,722",-2.12%,"330,551",-5.63%,,,"1,200",0.00%,"3,966,621",-5.62%,600,0.00%,"1,850",-58.14%,0,-100.00%,"34,711",-10.73%,"42,512",-6.35%,"2,824",-4.08%,0,6.48%,"11,647",
,Manhattan Project NHP,"23,742",95.04%,"4,663",15.36%,,,0,-100.00%,"55,967",15.38%,0,-100.00%,0,,0,,0,,0,,0,,0,,0,
,Minidoka NHS,"5,901",247.53%,983,247.35%,,,0,,"11,802",247.53%,0,,0,,0,,0,,0,,0,,0,,0,
,Mount Rainier NP,"1,518,491",7.25%,"1,476,522",5.02%,,,"737,168",16.82%,"17,718,273",5.02%,"737,168",16.82%,"22,543",-24.35%,0,,"83,645",11.94%,"30,623",4.16%,"64,294",16.19%,0,14.46%,"11,073",
,North Cascades NP,"30,085",-0.79%,"51,381",1.54%,,,0,,"616,576",1.54%,0,,0,,0,,0,,0,,"26,703",2.38%,0,,0,
,Olympic NP,"3,104,455",-8.75%,"1,464,535",-1.69%,,,"728,811",-6.25%,"17,574,425",-1.69%,"298,579",-3.88%,"71,958",-2.37%,"11,222",-10.03%,"162,192",-9.06%,"77,436",1.64%,"128,134",4.45%,0,57.97%,218,
,Ross Lake NRA,"892,044",17.43%,"270,219",23.19%,,,720,0.00%,"3,242,636",23.19%,720,0.00%,"8,328",5.81%,0,,"44,192",48.02%,"17,022",45.64%,"26,816",-3.63%,0,102.94%,"1,587",
,San Juan Island NHP,"255,032",-4.56%,"33,518",-9.21%,,,"74,023",0.00%,"402,220",-9.21%,"18,508",0.00%,0,,0,,0,,0,,0,,0,,0,
,Whitman Mission NHS,"49,274",3.18%,"4,106",3.19%,,,888,0.00%,"49,274",3.18%,444,0.00%,0,,0,,0,,0,,0,,0,,0,
,Subtotal Washington,"8,375,784",-0.83%,"3,782,148",2.33%,,,"1,542,810",,"45,385,855",2.33%,"1,056,019",,"113,091",,"11,222",,"324,740",,"167,593",,"254,988",,0,,"24,525",
West Virginia,,,,,,,,,,,,,,,,,,,,,,,,,,,
,Bluestone NSR,"31,316",-2.22%,"6,524",-2.22%,,,0,,"78,290",-2.22%,0,,0,,0,,0,,0,,0,,0,,0,
,Gauley River NRA,"97,778",-17.65%,"29,130",-8.22%,,,0,,"349,561",-8.22%,0,,0,,0,,"5,794",48.03%,"1,908",134.40%,0,,0,,0,
,Harpers Ferry NHP,"265,737",-22.42%,"88,578",-22.42%,,,0,,"1,062,940",-22.42%,0,,0,,0,,0,,0,,0,,0,,0,
,New River Gorge NP & PRES,"1,232,627",5.47%,"212,427",-0.02%,,,"2,400",0.00%,"2,549,126",-0.02%,"4,800",0.00%,0,,0,,"4,872",1.88%,999,5.71%,0,,0,,0,
,Subtotal West Virginia,"1,627,458",-2.08%,"336,659",-7.78%,,,"2,400",,"4,039,917",-7.78%,"4,800",,0,,0,,"10,666",,"2,907",,0,,0,,0,
Wisconsin,,,,,,,,,,,,,,,,,,,,,,,,,,,
,Apostle Islands NL,"252,920",24.33%,"68,896",6.43%,,,780,-26.00%,"826,760",6.43%,195,-25.86%,0,,0,,0,,0,,"10,972",-5.00%,0,-20.67%,"6,040",
,Saint Croix NSR,"362,324",-6.19%,"281,551",-2.78%,,,0,,"3,378,614",-2.78%,0,,0,,0,,0,,0,,"40,657",-0.52%,0,,0,
,Subtotal Wisconsin,"615,244",4.34%,"350,447",-1.10%,,,780,-26.00%,"4,205,374",-1.10%,195,-25.86%,0,,0,,0,,0,,"51,629",-1.51%,0,-20.67%,"6,040",
Wyoming,,,,,,,,,,,,,,,,,,,,,,,,,,,
,Bighorn Canyon NRA,"108,362",1.61%,"34,640",2.07%,,,"2,205",0.00%,"415,680",2.07%,"1,099",0.00%,0,,0,,"1,563",55.06%,"3,909",-9.58%,0,,0,,0,
,Devils Tower NM,"468,216",-6.17%,"116,754",-5.55%,,,"3,139",-30.61%,"1,401,056",-5.55%,"1,571",-30.58%,0,,0,,"7,674",-16.68%,"9,660",11.66%,0,,0,,0,
,Fort Laramie NHS,"52,414",-14.79%,"6,551",-14.80%,,,365,0.00%,"78,618",-14.79%,544,0.00%,0,,0,,0,,0,,0,,0,,0,
,Fossil Butte NM,"21,349",-2.86%,"2,409",-40.39%,,,371,20.06%,"28,909",-40.39%,224,-35.63%,0,,0,,0,,0,,0,,0,,0,
,Grand Teton NP,"3,491,151",5.25%,"1,598,022",-14.62%,,,"1,617,873",-2.09%,"19,176,275",-14.62%,"1,617,873",-2.09%,"86,797",-62.41%,"320,111",-13.02%,0,-100.00%,0,-100.00%,"38,803",-3.46%,0,-71.79%,586,
,"John D. Rockefeller, Jr. MEM PKWY","1,504,561",4.97%,"156,326",6.91%,,,"10,800",0.00%,"1,875,919",6.91%,"2,700",0.00%,"12,454",36.83%,"5,661",45.71%,0,,0,,0,-100.00%,0,,0,
,Yellowstone NP,"2,016,349",-0.04%,"4,936,014",0.73%,,,"1,201,064",-1.39%,"59,232,172",0.73%,"619,426",-0.66%,"632,913",3.21%,"616,089",0.82%,"88,562",-8.03%,"74,771",7.24%,"35,681",-3.23%,0,-17.20%,"11,815",
,Subtotal Wyoming,"7,662,402",2.76%,"6,850,716",-3.34%,,,"2,835,817",-1.83%,"82,208,629",-3.34%,"2,243,437",-1.73%,"732,164",,"941,861",,"97,799",-8.25%,"88,340",6.56%,"74,484",,0,,"12,401",
Total,Grand Total,"318,211,832",-3.83%,"116,784,834",-3.15%,,,"170,330,752",,"1,401,420,192",-3.15%,"92,456,495",,"3,106,896",,"1,354,739",,"3,539,139",,"2,474,782",,"1,922,026",,"34,612",,"1,518,563",
